"","State","year","tot_spending"
"1","United States",1980,211
"2","United States",1981,210
"3","United States",1982,216
"4","United States",1983,226
"5","United States",1984,230
"6","United States",1985,240
"7","United States",1986,252
"8","United States",1987,263
"9","United States",1988,266
"10","United States",1989,266
"11","United States",1990,274
"12","United States",1991,278
"13","United States",1992,288
"14","United States",1993,284
"15","United States",1994,290
"16","United States",1995,296
"17","United States",1996,309
"18","United States",1997,317
"19","United States",1998,329
"20","United States",1999,336
"21","United States",2000,342
"22","United States",2001,346
"23","United States",2002,365
"24","United States",2003,369
"25","United States",2004,371
"26","United States",2005,376
"27","United States",2006,382
"28","United States",2007,393
"29","United States",2008,400
"30","United States",2009,423
"31","United States",2010,415
"32","United States",2011,404
"33","United States",2012,393
"34","United States",2013,391
"35","United States",2014,394
"36","United States",2015,402
"37","United States",2016,410
"38","United States",2017,415
"39","United States",2018,421
"40","United States",2019,426
"41","United States",2020,439
"42","Alabama",1980,146
"43","Alabama",1981,149
"44","Alabama",1982,147
"45","Alabama",1983,156
"46","Alabama",1984,148
"47","Alabama",1985,154
"48","Alabama",1986,165
"49","Alabama",1987,170
"50","Alabama",1988,169
"51","Alabama",1989,177
"52","Alabama",1990,175
"53","Alabama",1991,190
"54","Alabama",1992,203
"55","Alabama",1993,197
"56","Alabama",1994,215
"57","Alabama",1995,214
"58","Alabama",1996,216
"59","Alabama",1997,226
"60","Alabama",1998,248
"61","Alabama",1999,256
"62","Alabama",2000,250
"63","Alabama",2002,258
"64","Alabama",2004,263
"65","Alabama",2005,269
"66","Alabama",2006,289
"67","Alabama",2007,297
"68","Alabama",2008,303
"69","Alabama",2009,336
"70","Alabama",2010,325
"71","Alabama",2011,314
"72","Alabama",2012,298
"73","Alabama",2013,300
"74","Alabama",2014,296
"75","Alabama",2015,312
"76","Alabama",2016,309
"77","Alabama",2017,309
"78","Alabama",2018,305
"79","Alabama",2019,311
"80","Alabama",2020,330
"81","Florida",1980,239
"82","Florida",1981,233
"83","Florida",1982,251
"84","Florida",1983,267
"85","Florida",1984,273
"86","Florida",1985,279
"87","Florida",1986,296
"88","Florida",1987,319
"89","Florida",1988,316
"90","Florida",1989,320
"91","Florida",1990,327
"92","Florida",1991,347
"93","Florida",1992,350
"94","Florida",1993,369
"95","Florida",1994,363
"96","Florida",1995,379
"97","Florida",1996,381
"98","Florida",1997,388
"99","Florida",1998,388
"100","Florida",1999,399
"101","Florida",2000,396
"102","Florida",2002,428
"103","Florida",2004,446
"104","Florida",2005,473
"105","Florida",2006,474
"106","Florida",2007,483
"107","Florida",2008,494
"108","Florida",2009,542
"109","Florida",2010,528
"110","Florida",2011,502
"111","Florida",2012,484
"112","Florida",2013,461
"113","Florida",2014,452
"114","Florida",2015,462
"115","Florida",2016,467
"116","Florida",2017,487
"117","Florida",2018,489
"118","Florida",2019,497
"119","Florida",2020,521
"120","Georgia",1980,150
"121","Georgia",1981,155
"122","Georgia",1982,162
"123","Georgia",1983,173
"124","Georgia",1984,169
"125","Georgia",1985,171
"126","Georgia",1986,186
"127","Georgia",1987,194
"128","Georgia",1988,207
"129","Georgia",1989,217
"130","Georgia",1990,226
"131","Georgia",1991,224
"132","Georgia",1992,218
"133","Georgia",1993,234
"134","Georgia",1994,230
"135","Georgia",1995,236
"136","Georgia",1996,250
"137","Georgia",1997,249
"138","Georgia",1998,246
"139","Georgia",1999,258
"140","Georgia",2000,264
"141","Georgia",2002,297
"142","Georgia",2004,294
"143","Georgia",2005,290
"144","Georgia",2006,311
"145","Georgia",2007,323
"146","Georgia",2008,328
"147","Georgia",2009,317
"148","Georgia",2010,311
"149","Georgia",2011,307
"150","Georgia",2012,304
"151","Georgia",2013,297
"152","Georgia",2014,295
"153","Georgia",2015,309
"154","Georgia",2016,315
"155","Georgia",2017,314
"156","Georgia",2018,307
"157","Georgia",2019,317
"158","Georgia",2020,320
"159","Hawaii",1980,211
"160","Hawaii",1981,212
"161","Hawaii",1982,221
"162","Hawaii",1983,234
"163","Hawaii",1984,228
"164","Hawaii",1985,239
"165","Hawaii",1986,256
"166","Hawaii",1987,266
"167","Hawaii",1988,271
"168","Hawaii",1989,258
"169","Hawaii",1990,277
"170","Hawaii",1991,281
"171","Hawaii",1992,299
"172","Hawaii",1993,314
"173","Hawaii",1994,302
"174","Hawaii",1995,309
"175","Hawaii",1996,280
"176","Hawaii",1997,289
"177","Hawaii",1998,307
"178","Hawaii",1999,321
"179","Hawaii",2000,311
"180","Hawaii",2002,334
"181","Hawaii",2004,321
"182","Hawaii",2005,311
"183","Hawaii",2006,309
"184","Hawaii",2007,328
"185","Hawaii",2008,343
"186","Hawaii",2009,374
"187","Hawaii",2010,379
"188","Hawaii",2011,363
"189","Hawaii",2012,350
"190","Hawaii",2013,339
"191","Hawaii",2014,389
"192","Hawaii",2015,389
"193","Hawaii",2016,383
"194","Hawaii",2017,395
"195","Hawaii",2018,389
"196","Hawaii",2019,398
"197","Hawaii",2020,423
"198","Idaho",1980,153
"199","Idaho",1981,153
"200","Idaho",1982,156
"201","Idaho",1983,165
"202","Idaho",1984,170
"203","Idaho",1985,184
"204","Idaho",1986,183
"205","Idaho",1987,187
"206","Idaho",1988,189
"207","Idaho",1989,192
"208","Idaho",1990,200
"209","Idaho",1991,207
"210","Idaho",1992,239
"211","Idaho",1993,220
"212","Idaho",1994,230
"213","Idaho",1995,237
"214","Idaho",1996,239
"215","Idaho",1997,248
"216","Idaho",1998,257
"217","Idaho",1999,266
"218","Idaho",2000,271
"219","Idaho",2002,292
"220","Idaho",2004,279
"221","Idaho",2005,274
"222","Idaho",2006,273
"223","Idaho",2007,281
"224","Idaho",2008,284
"225","Idaho",2009,320
"226","Idaho",2010,319
"227","Idaho",2011,317
"228","Idaho",2012,315
"229","Idaho",2013,311
"230","Idaho",2014,311
"231","Idaho",2015,300
"232","Idaho",2016,310
"233","Idaho",2017,313
"234","Idaho",2018,301
"235","Idaho",2019,303
"236","Idaho",2020,328
"237","Illinois",1980,261
"238","Illinois",1981,260
"239","Illinois",1982,256
"240","Illinois",1983,266
"241","Illinois",1984,266
"242","Illinois",1985,272
"243","Illinois",1986,281
"244","Illinois",1987,294
"245","Illinois",1988,298
"246","Illinois",1989,302
"247","Illinois",1990,298
"248","Illinois",1991,298
"249","Illinois",1992,317
"250","Illinois",1993,314
"251","Illinois",1994,330
"252","Illinois",1995,337
"253","Illinois",1996,351
"254","Illinois",1997,360
"255","Illinois",1998,392
"256","Illinois",1999,396
"257","Illinois",2000,417
"258","Illinois",2002,419
"259","Illinois",2004,427
"260","Illinois",2005,424
"261","Illinois",2006,433
"262","Illinois",2007,451
"263","Illinois",2008,452
"264","Illinois",2009,486
"265","Illinois",2010,481
"266","Illinois",2011,467
"267","Illinois",2012,452
"268","Illinois",2013,470
"269","Illinois",2014,470
"270","Illinois",2015,477
"271","Illinois",2016,490
"272","Illinois",2017,486
"273","Illinois",2018,515
"274","Illinois",2019,499
"275","Illinois",2020,512
"276","Indiana",1980,136
"277","Indiana",1981,134
"278","Indiana",1982,134
"279","Indiana",1983,143
"280","Indiana",1984,132
"281","Indiana",1985,138
"282","Indiana",1986,146
"283","Indiana",1987,150
"284","Indiana",1988,154
"285","Indiana",1989,155
"286","Indiana",1990,194
"287","Indiana",1991,162
"288","Indiana",1992,170
"289","Indiana",1993,171
"290","Indiana",1994,179
"291","Indiana",1995,181
"292","Indiana",1996,196
"293","Indiana",1997,197
"294","Indiana",1998,212
"295","Indiana",1999,220
"296","Indiana",2000,235
"297","Indiana",2002,237
"298","Indiana",2004,230
"299","Indiana",2005,251
"300","Indiana",2006,238
"301","Indiana",2007,247
"302","Indiana",2008,257
"303","Indiana",2009,254
"304","Indiana",2010,265
"305","Indiana",2011,258
"306","Indiana",2012,223
"307","Indiana",2013,223
"308","Indiana",2014,225
"309","Indiana",2015,224
"310","Indiana",2016,230
"311","Indiana",2017,240
"312","Indiana",2018,262
"313","Indiana",2019,263
"314","Indiana",2020,271
"315","Iowa",1980,147
"316","Iowa",1981,144
"317","Iowa",1982,152
"318","Iowa",1983,170
"319","Iowa",1984,170
"320","Iowa",1985,178
"321","Iowa",1986,182
"322","Iowa",1987,186
"323","Iowa",1988,175
"324","Iowa",1989,183
"325","Iowa",1990,187
"326","Iowa",1991,193
"327","Iowa",1992,202
"328","Iowa",1993,201
"329","Iowa",1994,208
"330","Iowa",1995,233
"331","Iowa",1996,216
"332","Iowa",1997,221
"333","Iowa",1998,227
"334","Iowa",1999,239
"335","Iowa",2000,248
"336","Iowa",2002,254
"337","Iowa",2004,258
"338","Iowa",2005,270
"339","Iowa",2006,277
"340","Iowa",2007,276
"341","Iowa",2008,276
"342","Iowa",2009,281
"343","Iowa",2010,277
"344","Iowa",2011,274
"345","Iowa",2012,284
"346","Iowa",2013,280
"347","Iowa",2014,288
"348","Iowa",2015,293
"349","Iowa",2016,302
"350","Iowa",2017,306
"351","Iowa",2018,308
"352","Iowa",2019,314
"353","Iowa",2020,325
"354","Kansas",1980,142
"355","Kansas",1981,148
"356","Kansas",1982,158
"357","Kansas",1983,169
"358","Kansas",1984,174
"359","Kansas",1985,182
"360","Kansas",1986,196
"361","Kansas",1987,194
"362","Kansas",1988,194
"363","Kansas",1989,197
"364","Kansas",1990,206
"365","Kansas",1991,211
"366","Kansas",1992,235
"367","Kansas",1993,230
"368","Kansas",1994,245
"369","Kansas",1995,254
"370","Kansas",1996,260
"371","Kansas",1997,261
"372","Kansas",1998,282
"373","Kansas",1999,281
"374","Kansas",2000,271
"375","Kansas",2002,286
"376","Kansas",2004,308
"377","Kansas",2005,324
"378","Kansas",2006,334
"379","Kansas",2007,344
"380","Kansas",2008,331
"381","Kansas",2009,338
"382","Kansas",2010,344
"383","Kansas",2011,333
"384","Kansas",2012,325
"385","Kansas",2013,345
"386","Kansas",2014,321
"387","Kansas",2015,332
"388","Kansas",2016,329
"389","Kansas",2017,352
"390","Kansas",2018,338
"391","Kansas",2019,390
"392","Kansas",2020,396
"393","Kentucky",1980,149
"394","Kentucky",1981,143
"395","Kentucky",1982,142
"396","Kentucky",1983,115
"397","Kentucky",1984,147
"398","Kentucky",1985,141
"399","Kentucky",1986,149
"400","Kentucky",1987,154
"401","Kentucky",1988,153
"402","Kentucky",1989,162
"403","Kentucky",1990,160
"404","Kentucky",1991,174
"405","Kentucky",1992,166
"406","Kentucky",1993,167
"407","Kentucky",1994,162
"408","Kentucky",1995,175
"409","Kentucky",1996,177
"410","Kentucky",1997,180
"411","Kentucky",1998,188
"412","Kentucky",1999,194
"413","Kentucky",2000,205
"414","Kentucky",2002,216
"415","Kentucky",2004,223
"416","Kentucky",2005,216
"417","Kentucky",2006,228
"418","Kentucky",2007,208
"419","Kentucky",2008,222
"420","Kentucky",2009,215
"421","Kentucky",2010,214
"422","Kentucky",2011,207
"423","Kentucky",2012,222
"424","Kentucky",2013,224
"425","Kentucky",2014,224
"426","Kentucky",2015,214
"427","Kentucky",2016,208
"428","Kentucky",2017,203
"429","Kentucky",2018,201
"430","Kentucky",2019,208
"431","Kentucky",2020,210
"432","Louisiana",1980,199
"433","Louisiana",1981,214
"434","Louisiana",1982,214
"435","Louisiana",1983,235
"436","Louisiana",1984,237
"437","Louisiana",1985,252
"438","Louisiana",1986,257
"439","Louisiana",1987,251
"440","Louisiana",1988,246
"441","Louisiana",1989,247
"442","Louisiana",1990,249
"443","Louisiana",1991,260
"444","Louisiana",1992,280
"445","Louisiana",1993,277
"446","Louisiana",1994,279
"447","Louisiana",1995,276
"448","Louisiana",1996,289
"449","Louisiana",1997,313
"450","Louisiana",1998,311
"451","Louisiana",1999,323
"452","Louisiana",2000,315
"453","Louisiana",2002,322
"454","Louisiana",2004,336
"455","Louisiana",2005,347
"456","Louisiana",2006,394
"457","Louisiana",2007,391
"458","Louisiana",2008,408
"459","Louisiana",2009,432
"460","Louisiana",2010,428
"461","Louisiana",2011,434
"462","Louisiana",2012,410
"463","Louisiana",2013,405
"464","Louisiana",2014,378
"465","Louisiana",2015,404
"466","Louisiana",2016,416
"467","Louisiana",2017,417
"468","Louisiana",2018,388
"469","Louisiana",2019,390
"470","Louisiana",2020,362
"471","Alaska",1980,489
"472","Alaska",1981,516
"473","Alaska",1982,763
"474","Alaska",1983,684
"475","Alaska",1984,695
"476","Alaska",1985,657
"477","Alaska",1986,521
"478","Alaska",1987,528
"479","Alaska",1988,497
"480","Alaska",1989,469
"481","Alaska",1990,436
"482","Alaska",1991,434
"483","Alaska",1992,445
"484","Alaska",1993,465
"485","Alaska",1994,472
"486","Alaska",1995,473
"487","Alaska",1996,447
"488","Alaska",1997,451
"489","Alaska",1998,473
"490","Alaska",1999,500
"491","Alaska",2000,479
"492","Alaska",2002,669
"493","Alaska",2004,441
"494","Alaska",2005,463
"495","Alaska",2006,462
"496","Alaska",2007,489
"497","Alaska",2008,518
"498","Alaska",2009,590
"499","Alaska",2010,621
"500","Alaska",2011,587
"501","Alaska",2012,597
"502","Alaska",2013,638
"503","Alaska",2014,623
"504","Alaska",2015,660
"505","Alaska",2016,604
"506","Alaska",2017,588
"507","Alaska",2018,703
"508","Alaska",2019,607
"509","Alaska",2020,621
"510","Maine",1980,134
"511","Maine",1981,128
"512","Maine",1982,135
"513","Maine",1983,130
"514","Maine",1984,139
"515","Maine",1985,144
"516","Maine",1986,153
"517","Maine",1987,159
"518","Maine",1988,161
"519","Maine",1989,166
"520","Maine",1990,170
"521","Maine",1991,175
"522","Maine",1992,172
"523","Maine",1993,165
"524","Maine",1994,172
"525","Maine",1995,185
"526","Maine",1996,193
"527","Maine",1997,200
"528","Maine",1998,213
"529","Maine",1999,217
"530","Maine",2000,218
"531","Maine",2002,227
"532","Maine",2004,244
"533","Maine",2005,246
"534","Maine",2006,243
"535","Maine",2007,246
"536","Maine",2008,238
"537","Maine",2009,251
"538","Maine",2010,257
"539","Maine",2011,242
"540","Maine",2012,239
"541","Maine",2013,242
"542","Maine",2014,243
"543","Maine",2015,245
"544","Maine",2016,264
"545","Maine",2017,272
"546","Maine",2018,269
"547","Maine",2019,277
"548","Maine",2020,282
"549","Maryland",1980,240
"550","Maryland",1981,239
"551","Maryland",1982,237
"552","Maryland",1983,244
"553","Maryland",1984,251
"554","Maryland",1985,262
"555","Maryland",1986,276
"556","Maryland",1987,290
"557","Maryland",1988,292
"558","Maryland",1989,301
"559","Maryland",1990,310
"560","Maryland",1991,334
"561","Maryland",1992,300
"562","Maryland",1993,289
"563","Maryland",1994,296
"564","Maryland",1995,309
"565","Maryland",1996,326
"566","Maryland",1997,313
"567","Maryland",1998,327
"568","Maryland",1999,339
"569","Maryland",2000,358
"570","Maryland",2002,399
"571","Maryland",2004,399
"572","Maryland",2005,400
"573","Maryland",2006,414
"574","Maryland",2007,444
"575","Maryland",2008,439
"576","Maryland",2009,487
"577","Maryland",2010,482
"578","Maryland",2011,485
"579","Maryland",2012,458
"580","Maryland",2013,489
"581","Maryland",2014,498
"582","Maryland",2015,526
"583","Maryland",2016,533
"584","Maryland",2017,518
"585","Maryland",2018,527
"586","Maryland",2019,551
"587","Maryland",2020,557
"588","Massachusetts",1980,239
"589","Massachusetts",1981,227
"590","Massachusetts",1982,206
"591","Massachusetts",1983,220
"592","Massachusetts",1984,225
"593","Massachusetts",1985,230
"594","Massachusetts",1986,252
"595","Massachusetts",1987,269
"596","Massachusetts",1988,296
"597","Massachusetts",1989,302
"598","Massachusetts",1990,301
"599","Massachusetts",1991,283
"600","Massachusetts",1992,273
"601","Massachusetts",1993,279
"602","Massachusetts",1994,292
"603","Massachusetts",1995,313
"604","Massachusetts",1996,337
"605","Massachusetts",1997,326
"606","Massachusetts",1998,340
"607","Massachusetts",1999,386
"608","Massachusetts",2000,395
"609","Massachusetts",2002,365
"610","Massachusetts",2004,358
"611","Massachusetts",2005,368
"612","Massachusetts",2006,378
"613","Massachusetts",2007,400
"614","Massachusetts",2008,387
"615","Massachusetts",2009,407
"616","Massachusetts",2010,399
"617","Massachusetts",2011,416
"618","Massachusetts",2012,413
"619","Massachusetts",2013,419
"620","Massachusetts",2014,464
"621","Massachusetts",2015,436
"622","Massachusetts",2016,444
"623","Massachusetts",2017,383
"624","Massachusetts",2018,388
"625","Massachusetts",2019,384
"626","Massachusetts",2020,393
"627","Michigan",1980,261
"628","Michigan",1981,248
"629","Michigan",1982,252
"630","Michigan",1983,256
"631","Michigan",1984,254
"632","Michigan",1985,254
"633","Michigan",1986,274
"634","Michigan",1987,274
"635","Michigan",1988,282
"636","Michigan",1989,278
"637","Michigan",1990,281
"638","Michigan",1991,282
"639","Michigan",1992,287
"640","Michigan",1993,265
"641","Michigan",1994,281
"642","Michigan",1995,277
"643","Michigan",1996,279
"644","Michigan",1997,291
"645","Michigan",1998,298
"646","Michigan",1999,304
"647","Michigan",2000,306
"648","Michigan",2002,326
"649","Michigan",2004,346
"650","Michigan",2005,339
"651","Michigan",2006,328
"652","Michigan",2007,327
"653","Michigan",2008,332
"654","Michigan",2009,339
"655","Michigan",2010,324
"656","Michigan",2011,310
"657","Michigan",2012,301
"658","Michigan",2013,320
"659","Michigan",2014,297
"660","Michigan",2015,301
"661","Michigan",2016,305
"662","Michigan",2017,307
"663","Michigan",2018,317
"664","Michigan",2019,317
"665","Michigan",2020,328
"666","Minnesota",1980,173
"667","Minnesota",1981,175
"668","Minnesota",1982,187
"669","Minnesota",1983,194
"670","Minnesota",1984,196
"671","Minnesota",1985,207
"672","Minnesota",1986,216
"673","Minnesota",1987,214
"674","Minnesota",1988,220
"675","Minnesota",1989,223
"676","Minnesota",1990,229
"677","Minnesota",1991,235
"678","Minnesota",1992,273
"679","Minnesota",1993,250
"680","Minnesota",1994,252
"681","Minnesota",1995,252
"682","Minnesota",1996,258
"683","Minnesota",1997,269
"684","Minnesota",1998,295
"685","Minnesota",1999,296
"686","Minnesota",2000,301
"687","Minnesota",2002,330
"688","Minnesota",2004,354
"689","Minnesota",2005,347
"690","Minnesota",2006,366
"691","Minnesota",2007,383
"692","Minnesota",2008,396
"693","Minnesota",2009,454
"694","Minnesota",2010,427
"695","Minnesota",2011,402
"696","Minnesota",2012,386
"697","Minnesota",2013,383
"698","Minnesota",2014,393
"699","Minnesota",2015,412
"700","Minnesota",2016,419
"701","Minnesota",2017,425
"702","Minnesota",2018,446
"703","Minnesota",2019,469
"704","Minnesota",2020,474
"705","Mississippi",1980,118
"706","Mississippi",1981,122
"707","Mississippi",1982,126
"708","Mississippi",1983,125
"709","Mississippi",1984,132
"710","Mississippi",1985,135
"711","Mississippi",1986,142
"712","Mississippi",1987,142
"713","Mississippi",1988,141
"714","Mississippi",1989,147
"715","Mississippi",1990,145
"716","Mississippi",1991,142
"717","Mississippi",1992,163
"718","Mississippi",1993,147
"719","Mississippi",1994,161
"720","Mississippi",1995,187
"721","Mississippi",1996,195
"722","Mississippi",1997,210
"723","Mississippi",1998,218
"724","Mississippi",1999,245
"725","Mississippi",2000,241
"726","Mississippi",2002,262
"727","Mississippi",2004,272
"728","Mississippi",2005,266
"729","Mississippi",2006,280
"730","Mississippi",2007,271
"731","Mississippi",2008,272
"732","Mississippi",2009,301
"733","Mississippi",2010,289
"734","Mississippi",2011,289
"735","Mississippi",2012,283
"736","Mississippi",2013,283
"737","Mississippi",2014,287
"738","Mississippi",2015,302
"739","Mississippi",2016,309
"740","Mississippi",2017,310
"741","Mississippi",2018,301
"742","Mississippi",2019,302
"743","Mississippi",2020,301
"744","Missouri",1980,199
"745","Missouri",1981,195
"746","Missouri",1982,194
"747","Missouri",1983,201
"748","Missouri",1984,202
"749","Missouri",1985,203
"750","Missouri",1986,213
"751","Missouri",1987,217
"752","Missouri",1988,215
"753","Missouri",1989,224
"754","Missouri",1990,216
"755","Missouri",1991,214
"756","Missouri",1992,218
"757","Missouri",1993,220
"758","Missouri",1994,230
"759","Missouri",1995,237
"760","Missouri",1996,247
"761","Missouri",1997,254
"762","Missouri",1998,264
"763","Missouri",1999,272
"764","Missouri",2000,268
"765","Missouri",2002,292
"766","Missouri",2004,291
"767","Missouri",2005,300
"768","Missouri",2006,293
"769","Missouri",2007,332
"770","Missouri",2008,327
"771","Missouri",2009,371
"772","Missouri",2010,369
"773","Missouri",2011,360
"774","Missouri",2012,344
"775","Missouri",2013,340
"776","Missouri",2014,348
"777","Missouri",2015,349
"778","Missouri",2016,360
"779","Missouri",2017,351
"780","Missouri",2018,357
"781","Missouri",2019,390
"782","Missouri",2020,393
"783","Montana",1980,168
"784","Montana",1981,167
"785","Montana",1982,176
"786","Montana",1983,183
"787","Montana",1984,172
"788","Montana",1985,179
"789","Montana",1986,190
"790","Montana",1987,180
"791","Montana",1988,192
"792","Montana",1989,181
"793","Montana",1990,180
"794","Montana",1991,187
"795","Montana",1992,194
"796","Montana",1993,195
"797","Montana",1994,203
"798","Montana",1995,193
"799","Montana",1996,214
"800","Montana",1997,229
"801","Montana",1998,205
"802","Montana",1999,237
"803","Montana",2000,255
"804","Montana",2002,304
"805","Montana",2004,279
"806","Montana",2005,286
"807","Montana",2006,291
"808","Montana",2007,301
"809","Montana",2008,316
"810","Montana",2009,342
"811","Montana",2010,349
"812","Montana",2011,349
"813","Montana",2012,366
"814","Montana",2013,369
"815","Montana",2014,375
"816","Montana",2015,382
"817","Montana",2016,343
"818","Montana",2017,376
"819","Montana",2018,377
"820","Montana",2019,373
"821","Montana",2020,390
"822","Nebraska",1980,160
"823","Nebraska",1981,150
"824","Nebraska",1982,151
"825","Nebraska",1983,158
"826","Nebraska",1984,167
"827","Nebraska",1985,171
"828","Nebraska",1986,177
"829","Nebraska",1987,172
"830","Nebraska",1988,178
"831","Nebraska",1989,179
"832","Nebraska",1990,181
"833","Nebraska",1991,186
"834","Nebraska",1992,186
"835","Nebraska",1993,199
"836","Nebraska",1994,194
"837","Nebraska",1995,200
"838","Nebraska",1996,197
"839","Nebraska",1997,210
"840","Nebraska",1998,201
"841","Nebraska",1999,227
"842","Nebraska",2000,233
"843","Nebraska",2002,252
"844","Nebraska",2004,250
"845","Nebraska",2005,254
"846","Nebraska",2006,274
"847","Nebraska",2007,282
"848","Nebraska",2008,307
"849","Nebraska",2009,287
"850","Nebraska",2010,298
"851","Nebraska",2011,293
"852","Nebraska",2012,296
"853","Nebraska",2013,285
"854","Nebraska",2014,290
"855","Nebraska",2015,301
"856","Nebraska",2016,313
"857","Nebraska",2017,308
"858","Nebraska",2018,317
"859","Nebraska",2019,326
"860","Nebraska",2020,337
"861","Nevada",1980,271
"862","Nevada",1981,280
"863","Nevada",1982,265
"864","Nevada",1983,342
"865","Nevada",1984,339
"866","Nevada",1985,339
"867","Nevada",1986,351
"868","Nevada",1987,342
"869","Nevada",1988,345
"870","Nevada",1989,349
"871","Nevada",1990,358
"872","Nevada",1991,364
"873","Nevada",1992,396
"874","Nevada",1993,382
"875","Nevada",1994,374
"876","Nevada",1995,370
"877","Nevada",1996,383
"878","Nevada",1997,385
"879","Nevada",1998,408
"880","Nevada",1999,420
"881","Nevada",2000,454
"882","Nevada",2002,486
"883","Nevada",2004,466
"884","Nevada",2005,483
"885","Nevada",2006,512
"886","Nevada",2007,534
"887","Nevada",2008,552
"888","Nevada",2009,585
"889","Nevada",2010,563
"890","Nevada",2011,546
"891","Nevada",2012,506
"892","Nevada",2013,494
"893","Nevada",2014,490
"894","Nevada",2015,486
"895","Nevada",2016,496
"896","Nevada",2017,514
"897","Nevada",2018,526
"898","Nevada",2019,523
"899","Nevada",2020,534
"900","Arizona",1980,278
"901","Arizona",1981,301
"902","Arizona",1982,301
"903","Arizona",1983,288
"904","Arizona",1984,294
"905","Arizona",1985,302
"906","Arizona",1986,307
"907","Arizona",1987,333
"908","Arizona",1988,336
"909","Arizona",1989,342
"910","Arizona",1990,340
"911","Arizona",1991,338
"912","Arizona",1992,330
"913","Arizona",1993,297
"914","Arizona",1994,307
"915","Arizona",1995,309
"916","Arizona",1996,316
"917","Arizona",1997,335
"918","Arizona",1998,343
"919","Arizona",1999,362
"920","Arizona",2000,361
"921","Arizona",2002,380
"922","Arizona",2004,388
"923","Arizona",2005,393
"924","Arizona",2006,408
"925","Arizona",2007,467
"926","Arizona",2008,466
"927","Arizona",2009,476
"928","Arizona",2010,449
"929","Arizona",2011,427
"930","Arizona",2012,404
"931","Arizona",2013,391
"932","Arizona",2014,380
"933","Arizona",2015,389
"934","Arizona",2016,406
"935","Arizona",2017,426
"936","Arizona",2018,401
"937","Arizona",2019,459
"938","Arizona",2020,470
"939","New Hampshire",1980,158
"940","New Hampshire",1981,159
"941","New Hampshire",1982,164
"942","New Hampshire",1983,175
"943","New Hampshire",1984,180
"944","New Hampshire",1985,177
"945","New Hampshire",1986,181
"946","New Hampshire",1987,203
"947","New Hampshire",1988,218
"948","New Hampshire",1989,223
"949","New Hampshire",1990,238
"950","New Hampshire",1991,245
"951","New Hampshire",1992,257
"952","New Hampshire",1993,238
"953","New Hampshire",1994,233
"954","New Hampshire",1995,232
"955","New Hampshire",1996,232
"956","New Hampshire",1997,232
"957","New Hampshire",1998,245
"958","New Hampshire",1999,252
"959","New Hampshire",2000,256
"960","New Hampshire",2002,272
"961","New Hampshire",2004,287
"962","New Hampshire",2005,292
"963","New Hampshire",2006,304
"964","New Hampshire",2007,318
"965","New Hampshire",2008,327
"966","New Hampshire",2009,339
"967","New Hampshire",2010,366
"968","New Hampshire",2011,347
"969","New Hampshire",2012,337
"970","New Hampshire",2013,345
"971","New Hampshire",2014,368
"972","New Hampshire",2015,368
"973","New Hampshire",2016,355
"974","New Hampshire",2017,369
"975","New Hampshire",2018,396
"976","New Hampshire",2019,406
"977","New Hampshire",2020,404
"978","New Jersey",1980,257
"979","New Jersey",1981,253
"980","New Jersey",1982,256
"981","New Jersey",1983,294
"982","New Jersey",1984,275
"983","New Jersey",1985,289
"984","New Jersey",1986,310
"985","New Jersey",1987,320
"986","New Jersey",1988,338
"987","New Jersey",1989,341
"988","New Jersey",1990,344
"989","New Jersey",1991,341
"990","New Jersey",1992,410
"991","New Jersey",1993,360
"992","New Jersey",1994,400
"993","New Jersey",1995,419
"994","New Jersey",1996,411
"995","New Jersey",1997,391
"996","New Jersey",1998,415
"997","New Jersey",1999,417
"998","New Jersey",2000,450
"999","New Jersey",2002,460
"1000","New Jersey",2004,481
"1001","New Jersey",2005,490
"1002","New Jersey",2006,505
"1003","New Jersey",2007,497
"1004","New Jersey",2008,482
"1005","New Jersey",2009,508
"1006","New Jersey",2010,500
"1007","New Jersey",2011,488
"1008","New Jersey",2012,486
"1009","New Jersey",2013,481
"1010","New Jersey",2014,470
"1011","New Jersey",2015,462
"1012","New Jersey",2016,470
"1013","New Jersey",2017,459
"1014","New Jersey",2018,442
"1015","New Jersey",2019,458
"1016","New Jersey",2020,498
"1017","New Mexico",1980,190
"1018","New Mexico",1981,194
"1019","New Mexico",1982,217
"1020","New Mexico",1983,231
"1021","New Mexico",1984,227
"1022","New Mexico",1985,244
"1023","New Mexico",1986,247
"1024","New Mexico",1987,253
"1025","New Mexico",1988,244
"1026","New Mexico",1989,263
"1027","New Mexico",1990,271
"1028","New Mexico",1991,272
"1029","New Mexico",1992,299
"1030","New Mexico",1993,279
"1031","New Mexico",1994,287
"1032","New Mexico",1995,284
"1033","New Mexico",1996,300
"1034","New Mexico",1997,306
"1035","New Mexico",1998,304
"1036","New Mexico",1999,343
"1037","New Mexico",2000,357
"1038","New Mexico",2002,359
"1039","New Mexico",2004,362
"1040","New Mexico",2005,368
"1041","New Mexico",2006,376
"1042","New Mexico",2007,425
"1043","New Mexico",2008,408
"1044","New Mexico",2009,426
"1045","New Mexico",2010,422
"1046","New Mexico",2011,403
"1047","New Mexico",2012,394
"1048","New Mexico",2013,391
"1049","New Mexico",2014,400
"1050","New Mexico",2015,399
"1051","New Mexico",2016,399
"1052","New Mexico",2017,401
"1053","New Mexico",2018,397
"1054","New Mexico",2019,416
"1055","New Mexico",2020,408
"1056","New York",1980,308
"1057","New York",1981,298
"1058","New York",1982,307
"1059","New York",1983,323
"1060","New York",1984,339
"1061","New York",1985,364
"1062","New York",1986,387
"1063","New York",1987,407
"1064","New York",1988,418
"1065","New York",1989,411
"1066","New York",1990,421
"1067","New York",1991,422
"1068","New York",1992,424
"1069","New York",1993,422
"1070","New York",1994,423
"1071","New York",1995,443
"1072","New York",1996,464
"1073","New York",1997,479
"1074","New York",1998,492
"1075","New York",1999,516
"1076","New York",2000,511
"1077","New York",2002,571
"1078","New York",2004,555
"1079","New York",2005,577
"1080","New York",2006,576
"1081","New York",2007,564
"1082","New York",2008,578
"1083","New York",2009,594
"1084","New York",2010,605
"1085","New York",2011,601
"1086","New York",2012,599
"1087","New York",2013,588
"1088","New York",2014,580
"1089","New York",2015,588
"1090","New York",2016,600
"1091","New York",2017,614
"1092","New York",2018,617
"1093","New York",2019,608
"1094","New York",2020,623
"1095","North Carolina",1980,155
"1096","North Carolina",1981,158
"1097","North Carolina",1982,152
"1098","North Carolina",1983,164
"1099","North Carolina",1984,163
"1100","North Carolina",1985,172
"1101","North Carolina",1986,177
"1102","North Carolina",1987,187
"1103","North Carolina",1988,195
"1104","North Carolina",1989,210
"1105","North Carolina",1990,217
"1106","North Carolina",1991,217
"1107","North Carolina",1992,219
"1108","North Carolina",1993,219
"1109","North Carolina",1994,233
"1110","North Carolina",1995,240
"1111","North Carolina",1996,248
"1112","North Carolina",1997,245
"1113","North Carolina",1998,259
"1114","North Carolina",1999,276
"1115","North Carolina",2000,290
"1116","North Carolina",2002,294
"1117","North Carolina",2004,294
"1118","North Carolina",2005,294
"1119","North Carolina",2006,311
"1120","North Carolina",2007,315
"1121","North Carolina",2008,324
"1122","North Carolina",2009,323
"1123","North Carolina",2010,327
"1124","North Carolina",2011,322
"1125","North Carolina",2012,356
"1126","North Carolina",2013,351
"1127","North Carolina",2014,353
"1128","North Carolina",2015,371
"1129","North Carolina",2016,370
"1130","North Carolina",2017,371
"1131","North Carolina",2018,371
"1132","North Carolina",2019,375
"1133","North Carolina",2020,388
"1134","North Dakota",1980,133
"1135","North Dakota",1981,132
"1136","North Dakota",1982,138
"1137","North Dakota",1983,137
"1138","North Dakota",1984,146
"1139","North Dakota",1985,137
"1140","North Dakota",1986,143
"1141","North Dakota",1987,141
"1142","North Dakota",1988,141
"1143","North Dakota",1989,144
"1144","North Dakota",1990,139
"1145","North Dakota",1991,138
"1146","North Dakota",1992,155
"1147","North Dakota",1993,142
"1148","North Dakota",1994,141
"1149","North Dakota",1995,149
"1150","North Dakota",1996,154
"1151","North Dakota",1997,159
"1152","North Dakota",1998,171
"1153","North Dakota",1999,180
"1154","North Dakota",2000,180
"1155","North Dakota",2002,196
"1156","North Dakota",2004,205
"1157","North Dakota",2005,232
"1158","North Dakota",2006,237
"1159","North Dakota",2007,225
"1160","North Dakota",2008,245
"1161","North Dakota",2009,295
"1162","North Dakota",2010,294
"1163","North Dakota",2011,301
"1164","North Dakota",2012,277
"1165","North Dakota",2013,271
"1166","North Dakota",2014,274
"1167","North Dakota",2015,309
"1168","North Dakota",2016,312
"1169","North Dakota",2017,379
"1170","North Dakota",2018,344
"1171","North Dakota",2019,343
"1172","North Dakota",2020,361
"1173","Ohio",1980,178
"1174","Ohio",1981,178
"1175","Ohio",1982,188
"1176","Ohio",1983,195
"1177","Ohio",1984,204
"1178","Ohio",1985,205
"1179","Ohio",1986,214
"1180","Ohio",1987,225
"1181","Ohio",1988,221
"1182","Ohio",1989,229
"1183","Ohio",1990,231
"1184","Ohio",1991,242
"1185","Ohio",1992,253
"1186","Ohio",1993,248
"1187","Ohio",1994,254
"1188","Ohio",1995,273
"1189","Ohio",1996,286
"1190","Ohio",1997,293
"1191","Ohio",1998,306
"1192","Ohio",1999,316
"1193","Ohio",2000,318
"1194","Ohio",2002,344
"1195","Ohio",2004,342
"1196","Ohio",2005,344
"1197","Ohio",2006,340
"1198","Ohio",2007,363
"1199","Ohio",2008,366
"1200","Ohio",2009,391
"1201","Ohio",2010,375
"1202","Ohio",2011,360
"1203","Ohio",2012,356
"1204","Ohio",2013,350
"1205","Ohio",2014,348
"1206","Ohio",2015,362
"1207","Ohio",2016,381
"1208","Ohio",2017,391
"1209","Ohio",2018,379
"1210","Ohio",2019,382
"1211","Ohio",2020,389
"1212","Oklahoma",1980,150
"1213","Oklahoma",1981,151
"1214","Oklahoma",1982,155
"1215","Oklahoma",1983,170
"1216","Oklahoma",1984,163
"1217","Oklahoma",1985,173
"1218","Oklahoma",1986,181
"1219","Oklahoma",1987,173
"1220","Oklahoma",1988,179
"1221","Oklahoma",1989,175
"1222","Oklahoma",1990,179
"1223","Oklahoma",1991,188
"1224","Oklahoma",1992,191
"1225","Oklahoma",1993,196
"1226","Oklahoma",1994,199
"1227","Oklahoma",1995,217
"1228","Oklahoma",1996,224
"1229","Oklahoma",1997,217
"1230","Oklahoma",1998,209
"1231","Oklahoma",1999,211
"1232","Oklahoma",2000,255
"1233","Oklahoma",2002,265
"1234","Oklahoma",2004,256
"1235","Oklahoma",2005,265
"1236","Oklahoma",2006,272
"1237","Oklahoma",2007,279
"1238","Oklahoma",2008,283
"1239","Oklahoma",2009,303
"1240","Oklahoma",2010,306
"1241","Oklahoma",2011,312
"1242","Oklahoma",2012,284
"1243","Oklahoma",2013,289
"1244","Oklahoma",2014,317
"1245","Oklahoma",2015,312
"1246","Oklahoma",2016,319
"1247","Oklahoma",2017,307
"1248","Oklahoma",2018,305
"1249","Oklahoma",2019,318
"1250","Oklahoma",2020,325
"1251","Oregon",1980,213
"1252","Oregon",1981,213
"1253","Oregon",1982,220
"1254","Oregon",1983,223
"1255","Oregon",1984,233
"1256","Oregon",1985,230
"1257","Oregon",1986,238
"1258","Oregon",1987,243
"1259","Oregon",1988,256
"1260","Oregon",1989,250
"1261","Oregon",1990,254
"1262","Oregon",1991,245
"1263","Oregon",1992,251
"1264","Oregon",1993,257
"1265","Oregon",1994,278
"1266","Oregon",1995,282
"1267","Oregon",1996,306
"1268","Oregon",1997,321
"1269","Oregon",1998,314
"1270","Oregon",1999,326
"1271","Oregon",2000,345
"1272","Oregon",2002,357
"1273","Oregon",2004,360
"1274","Oregon",2005,377
"1275","Oregon",2006,371
"1276","Oregon",2007,364
"1277","Oregon",2008,367
"1278","Oregon",2009,414
"1279","Oregon",2010,390
"1280","Oregon",2011,370
"1281","Oregon",2012,373
"1282","Oregon",2013,359
"1283","Oregon",2014,368
"1284","Oregon",2015,374
"1285","Oregon",2016,392
"1286","Oregon",2017,396
"1287","Oregon",2018,400
"1288","Oregon",2019,410
"1289","Oregon",2020,423
"1290","Pennsylvania",1980,184
"1291","Pennsylvania",1981,174
"1292","Pennsylvania",1982,181
"1293","Pennsylvania",1983,184
"1294","Pennsylvania",1984,184
"1295","Pennsylvania",1985,187
"1296","Pennsylvania",1986,192
"1297","Pennsylvania",1987,195
"1298","Pennsylvania",1988,193
"1299","Pennsylvania",1989,194
"1300","Pennsylvania",1990,199
"1301","Pennsylvania",1991,209
"1302","Pennsylvania",1992,215
"1303","Pennsylvania",1993,211
"1304","Pennsylvania",1994,214
"1305","Pennsylvania",1995,219
"1306","Pennsylvania",1996,265
"1307","Pennsylvania",1997,274
"1308","Pennsylvania",1998,289
"1309","Pennsylvania",1999,301
"1310","Pennsylvania",2000,307
"1311","Pennsylvania",2002,323
"1312","Pennsylvania",2004,291
"1313","Pennsylvania",2005,288
"1314","Pennsylvania",2006,294
"1315","Pennsylvania",2007,300
"1316","Pennsylvania",2008,309
"1317","Pennsylvania",2009,335
"1318","Pennsylvania",2010,334
"1319","Pennsylvania",2011,324
"1320","Pennsylvania",2012,325
"1321","Pennsylvania",2013,324
"1322","Pennsylvania",2014,340
"1323","Pennsylvania",2015,354
"1324","Pennsylvania",2016,353
"1325","Pennsylvania",2017,358
"1326","Pennsylvania",2018,346
"1327","Pennsylvania",2019,391
"1328","Pennsylvania",2020,374
"1329","Arkansas",1980,111
"1330","Arkansas",1981,109
"1331","Arkansas",1982,111
"1332","Arkansas",1983,116
"1333","Arkansas",1984,119
"1334","Arkansas",1985,135
"1335","Arkansas",1986,135
"1336","Arkansas",1987,136
"1337","Arkansas",1988,132
"1338","Arkansas",1989,136
"1339","Arkansas",1990,138
"1340","Arkansas",1991,140
"1341","Arkansas",1992,149
"1342","Arkansas",1993,152
"1343","Arkansas",1994,163
"1344","Arkansas",1995,175
"1345","Arkansas",1996,184
"1346","Arkansas",1997,205
"1347","Arkansas",1998,215
"1348","Arkansas",1999,223
"1349","Arkansas",2000,223
"1350","Arkansas",2002,242
"1351","Arkansas",2004,248
"1352","Arkansas",2005,240
"1353","Arkansas",2006,242
"1354","Arkansas",2007,237
"1355","Arkansas",2008,237
"1356","Arkansas",2009,244
"1357","Arkansas",2010,249
"1358","Arkansas",2011,246
"1359","Arkansas",2012,258
"1360","Arkansas",2013,272
"1361","Arkansas",2014,269
"1362","Arkansas",2015,282
"1363","Arkansas",2016,278
"1364","Arkansas",2017,271
"1365","Arkansas",2018,282
"1366","Arkansas",2019,270
"1367","Arkansas",2020,275
"1368","Rhode Island",1980,200
"1369","Rhode Island",1981,197
"1370","Rhode Island",1982,212
"1371","Rhode Island",1983,212
"1372","Rhode Island",1984,226
"1373","Rhode Island",1985,237
"1374","Rhode Island",1986,243
"1375","Rhode Island",1987,245
"1376","Rhode Island",1988,253
"1377","Rhode Island",1989,253
"1378","Rhode Island",1990,272
"1379","Rhode Island",1991,276
"1380","Rhode Island",1992,296
"1381","Rhode Island",1993,272
"1382","Rhode Island",1994,285
"1383","Rhode Island",1995,294
"1384","Rhode Island",1996,300
"1385","Rhode Island",1997,311
"1386","Rhode Island",1998,302
"1387","Rhode Island",1999,317
"1388","Rhode Island",2000,342
"1389","Rhode Island",2002,364
"1390","Rhode Island",2004,409
"1391","Rhode Island",2005,409
"1392","Rhode Island",2006,391
"1393","Rhode Island",2007,437
"1394","Rhode Island",2008,409
"1395","Rhode Island",2009,428
"1396","Rhode Island",2010,468
"1397","Rhode Island",2011,439
"1398","Rhode Island",2012,432
"1399","Rhode Island",2013,434
"1400","Rhode Island",2014,457
"1401","Rhode Island",2015,480
"1402","Rhode Island",2016,495
"1403","Rhode Island",2017,498
"1404","Rhode Island",2018,508
"1405","Rhode Island",2019,521
"1406","Rhode Island",2020,530
"1407","South Carolina",1980,137
"1408","South Carolina",1981,138
"1409","South Carolina",1982,132
"1410","South Carolina",1983,141
"1411","South Carolina",1984,141
"1412","South Carolina",1985,147
"1413","South Carolina",1986,162
"1414","South Carolina",1987,167
"1415","South Carolina",1988,166
"1416","South Carolina",1989,180
"1417","South Carolina",1990,185
"1418","South Carolina",1991,190
"1419","South Carolina",1992,188
"1420","South Carolina",1993,189
"1421","South Carolina",1994,201
"1422","South Carolina",1995,207
"1423","South Carolina",1996,220
"1424","South Carolina",1997,233
"1425","South Carolina",1998,246
"1426","South Carolina",1999,261
"1427","South Carolina",2000,276
"1428","South Carolina",2002,286
"1429","South Carolina",2004,269
"1430","South Carolina",2005,262
"1431","South Carolina",2006,285
"1432","South Carolina",2007,286
"1433","South Carolina",2008,294
"1434","South Carolina",2009,301
"1435","South Carolina",2010,300
"1436","South Carolina",2011,298
"1437","South Carolina",2012,288
"1438","South Carolina",2013,287
"1439","South Carolina",2014,285
"1440","South Carolina",2015,293
"1441","South Carolina",2016,307
"1442","South Carolina",2017,314
"1443","South Carolina",2018,307
"1444","South Carolina",2019,313
"1445","South Carolina",2020,313
"1446","South Dakota",1980,135
"1447","South Dakota",1981,138
"1448","South Dakota",1982,135
"1449","South Dakota",1983,149
"1450","South Dakota",1984,153
"1451","South Dakota",1985,149
"1452","South Dakota",1986,159
"1453","South Dakota",1987,162
"1454","South Dakota",1988,164
"1455","South Dakota",1989,162
"1456","South Dakota",1990,168
"1457","South Dakota",1991,163
"1458","South Dakota",1992,175
"1459","South Dakota",1993,168
"1460","South Dakota",1994,184
"1461","South Dakota",1995,191
"1462","South Dakota",1996,202
"1463","South Dakota",1997,185
"1464","South Dakota",1998,196
"1465","South Dakota",1999,204
"1466","South Dakota",2000,198
"1467","South Dakota",2002,226
"1468","South Dakota",2004,249
"1469","South Dakota",2005,251
"1470","South Dakota",2006,245
"1471","South Dakota",2007,245
"1472","South Dakota",2008,240
"1473","South Dakota",2009,259
"1474","South Dakota",2010,271
"1475","South Dakota",2011,257
"1476","South Dakota",2012,259
"1477","South Dakota",2013,261
"1478","South Dakota",2014,264
"1479","South Dakota",2015,283
"1480","South Dakota",2016,285
"1481","South Dakota",2017,291
"1482","South Dakota",2018,293
"1483","South Dakota",2019,287
"1484","South Dakota",2020,297
"1485","Tennessee",1980,144
"1486","Tennessee",1981,148
"1487","Tennessee",1982,154
"1488","Tennessee",1983,149
"1489","Tennessee",1984,146
"1490","Tennessee",1985,161
"1491","Tennessee",1986,166
"1492","Tennessee",1987,171
"1493","Tennessee",1988,176
"1494","Tennessee",1989,192
"1495","Tennessee",1990,191
"1496","Tennessee",1991,189
"1497","Tennessee",1992,199
"1498","Tennessee",1993,190
"1499","Tennessee",1994,203
"1500","Tennessee",1995,212
"1501","Tennessee",1996,227
"1502","Tennessee",1997,247
"1503","Tennessee",1998,260
"1504","Tennessee",1999,268
"1505","Tennessee",2000,280
"1506","Tennessee",2002,274
"1507","Tennessee",2004,286
"1508","Tennessee",2005,294
"1509","Tennessee",2006,289
"1510","Tennessee",2007,311
"1511","Tennessee",2008,321
"1512","Tennessee",2009,347
"1513","Tennessee",2010,354
"1514","Tennessee",2011,347
"1515","Tennessee",2012,321
"1516","Tennessee",2013,334
"1517","Tennessee",2014,336
"1518","Tennessee",2015,338
"1519","Tennessee",2016,331
"1520","Tennessee",2017,347
"1521","Tennessee",2018,373
"1522","Tennessee",2019,378
"1523","Tennessee",2020,374
"1524","Texas",1980,154
"1525","Texas",1981,158
"1526","Texas",1982,163
"1527","Texas",1983,178
"1528","Texas",1984,187
"1529","Texas",1985,199
"1530","Texas",1986,205
"1531","Texas",1987,215
"1532","Texas",1988,213
"1533","Texas",1989,213
"1534","Texas",1990,224
"1535","Texas",1991,227
"1536","Texas",1992,236
"1537","Texas",1993,241
"1538","Texas",1994,236
"1539","Texas",1995,239
"1540","Texas",1996,249
"1541","Texas",1997,255
"1542","Texas",1998,260
"1543","Texas",1999,265
"1544","Texas",2000,260
"1545","Texas",2002,280
"1546","Texas",2004,297
"1547","Texas",2005,302
"1548","Texas",2006,303
"1549","Texas",2007,311
"1550","Texas",2008,315
"1551","Texas",2009,346
"1552","Texas",2010,350
"1553","Texas",2011,341
"1554","Texas",2012,319
"1555","Texas",2013,316
"1556","Texas",2014,321
"1557","Texas",2015,329
"1558","Texas",2016,337
"1559","Texas",2017,345
"1560","Texas",2018,349
"1561","Texas",2019,349
"1562","Texas",2020,362
"1563","Utah",1980,178
"1564","Utah",1981,172
"1565","Utah",1982,193
"1566","Utah",1983,200
"1567","Utah",1984,195
"1568","Utah",1985,205
"1569","Utah",1986,213
"1570","Utah",1987,214
"1571","Utah",1988,201
"1572","Utah",1989,194
"1573","Utah",1990,199
"1574","Utah",1991,195
"1575","Utah",1992,202
"1576","Utah",1993,205
"1577","Utah",1994,217
"1578","Utah",1995,227
"1579","Utah",1996,239
"1580","Utah",1997,263
"1581","Utah",1998,274
"1582","Utah",1999,287
"1583","Utah",2000,288
"1584","Utah",2002,308
"1585","Utah",2004,303
"1586","Utah",2005,322
"1587","Utah",2006,322
"1588","Utah",2007,315
"1589","Utah",2008,324
"1590","Utah",2009,328
"1591","Utah",2010,313
"1592","Utah",2011,304
"1593","Utah",2012,299
"1594","Utah",2013,293
"1595","Utah",2014,301
"1596","Utah",2015,283
"1597","Utah",2016,265
"1598","Utah",2017,294
"1599","Utah",2018,297
"1600","Utah",2019,320
"1601","Utah",2020,309
"1602","Vermont",1980,134
"1603","Vermont",1981,130
"1604","Vermont",1982,145
"1605","Vermont",1983,160
"1606","Vermont",1984,158
"1607","Vermont",1985,164
"1608","Vermont",1986,165
"1609","Vermont",1987,162
"1610","Vermont",1988,177
"1611","Vermont",1989,183
"1612","Vermont",1990,189
"1613","Vermont",1991,186
"1614","Vermont",1992,198
"1615","Vermont",1993,193
"1616","Vermont",1994,188
"1617","Vermont",1995,197
"1618","Vermont",1996,212
"1619","Vermont",1997,199
"1620","Vermont",1998,210
"1621","Vermont",1999,181
"1622","Vermont",2000,217
"1623","Vermont",2002,243
"1624","Vermont",2004,286
"1625","Vermont",2005,324
"1626","Vermont",2006,317
"1627","Vermont",2007,319
"1628","Vermont",2008,303
"1629","Vermont",2009,326
"1630","Vermont",2010,342
"1631","Vermont",2011,359
"1632","Vermont",2012,388
"1633","Vermont",2013,399
"1634","Vermont",2014,402
"1635","Vermont",2015,422
"1636","Vermont",2016,399
"1637","Vermont",2017,362
"1638","Vermont",2018,375
"1639","Vermont",2019,381
"1640","Vermont",2020,386
"1641","Virginia",1980,164
"1642","Virginia",1981,171
"1643","Virginia",1982,176
"1644","Virginia",1983,180
"1645","Virginia",1984,183
"1646","Virginia",1985,195
"1647","Virginia",1986,208
"1648","Virginia",1987,220
"1649","Virginia",1988,227
"1650","Virginia",1989,235
"1651","Virginia",1990,260
"1652","Virginia",1991,243
"1653","Virginia",1992,245
"1654","Virginia",1993,252
"1655","Virginia",1994,247
"1656","Virginia",1995,245
"1657","Virginia",1996,252
"1658","Virginia",1997,262
"1659","Virginia",1998,273
"1660","Virginia",1999,278
"1661","Virginia",2000,281
"1662","Virginia",2002,292
"1663","Virginia",2004,312
"1664","Virginia",2005,320
"1665","Virginia",2006,329
"1666","Virginia",2007,347
"1667","Virginia",2008,348
"1668","Virginia",2009,353
"1669","Virginia",2010,332
"1670","Virginia",2011,326
"1671","Virginia",2012,324
"1672","Virginia",2013,328
"1673","Virginia",2014,332
"1674","Virginia",2015,342
"1675","Virginia",2016,342
"1676","Virginia",2017,351
"1677","Virginia",2018,350
"1678","Virginia",2019,341
"1679","Virginia",2020,355
"1680","Washington",1980,183
"1681","Washington",1981,191
"1682","Washington",1982,200
"1683","Washington",1983,209
"1684","Washington",1984,216
"1685","Washington",1985,214
"1686","Washington",1986,230
"1687","Washington",1987,225
"1688","Washington",1988,228
"1689","Washington",1989,231
"1690","Washington",1990,227
"1691","Washington",1991,241
"1692","Washington",1992,257
"1693","Washington",1993,270
"1694","Washington",1994,268
"1695","Washington",1995,266
"1696","Washington",1996,270
"1697","Washington",1997,278
"1698","Washington",1998,280
"1699","Washington",1999,287
"1700","Washington",2000,290
"1701","Washington",2002,293
"1702","Washington",2004,300
"1703","Washington",2005,309
"1704","Washington",2006,303
"1705","Washington",2007,309
"1706","Washington",2008,300
"1707","Washington",2009,317
"1708","Washington",2010,314
"1709","Washington",2011,310
"1710","Washington",2012,324
"1711","Washington",2013,316
"1712","Washington",2014,335
"1713","Washington",2015,343
"1714","Washington",2016,349
"1715","Washington",2017,330
"1716","Washington",2018,347
"1717","Washington",2019,352
"1718","Washington",2020,371
"1719","West Virginia",1980,104
"1720","West Virginia",1981,106
"1721","West Virginia",1982,108
"1722","West Virginia",1983,112
"1723","West Virginia",1984,110
"1724","West Virginia",1985,116
"1725","West Virginia",1986,115
"1726","West Virginia",1987,114
"1727","West Virginia",1988,110
"1728","West Virginia",1989,111
"1729","West Virginia",1990,112
"1730","West Virginia",1991,109
"1731","West Virginia",1992,110
"1732","West Virginia",1993,107
"1733","West Virginia",1994,126
"1734","West Virginia",1995,130
"1735","West Virginia",1996,136
"1736","West Virginia",1997,140
"1737","West Virginia",1998,143
"1738","West Virginia",1999,153
"1739","West Virginia",2000,161
"1740","West Virginia",2002,173
"1741","West Virginia",2004,186
"1742","West Virginia",2005,184
"1743","West Virginia",2006,188
"1744","West Virginia",2007,207
"1745","West Virginia",2008,230
"1746","West Virginia",2009,264
"1747","West Virginia",2010,247
"1748","West Virginia",2011,250
"1749","West Virginia",2012,250
"1750","West Virginia",2013,244
"1751","West Virginia",2014,245
"1752","West Virginia",2015,250
"1753","West Virginia",2016,258
"1754","West Virginia",2017,258
"1755","West Virginia",2018,263
"1756","West Virginia",2019,276
"1757","West Virginia",2020,289
"1758","California",1980,272
"1759","California",1981,282
"1760","California",1982,292
"1761","California",1983,295
"1762","California",1984,308
"1763","California",1985,326
"1764","California",1986,346
"1765","California",1987,372
"1766","California",1988,366
"1767","California",1989,336
"1768","California",1990,367
"1769","California",1991,381
"1770","California",1992,399
"1771","California",1993,390
"1772","California",1994,394
"1773","California",1995,388
"1774","California",1996,420
"1775","California",1997,433
"1776","California",1998,450
"1777","California",1999,426
"1778","California",2000,435
"1779","California",2002,470
"1780","California",2004,501
"1781","California",2005,499
"1782","California",2006,508
"1783","California",2007,539
"1784","California",2008,560
"1785","California",2009,583
"1786","California",2010,557
"1787","California",2011,524
"1788","California",2012,500
"1789","California",2013,495
"1790","California",2014,509
"1791","California",2015,524
"1792","California",2016,546
"1793","California",2017,572
"1794","California",2018,600
"1795","California",2019,597
"1796","California",2020,634
"1797","Wisconsin",1980,213
"1798","Wisconsin",1981,221
"1799","Wisconsin",1982,264
"1800","Wisconsin",1983,259
"1801","Wisconsin",1984,253
"1802","Wisconsin",1985,265
"1803","Wisconsin",1986,263
"1804","Wisconsin",1987,267
"1805","Wisconsin",1988,267
"1806","Wisconsin",1989,267
"1807","Wisconsin",1990,275
"1808","Wisconsin",1991,283
"1809","Wisconsin",1992,289
"1810","Wisconsin",1993,300
"1811","Wisconsin",1994,305
"1812","Wisconsin",1995,305
"1813","Wisconsin",1996,312
"1814","Wisconsin",1997,317
"1815","Wisconsin",1998,325
"1816","Wisconsin",1999,347
"1817","Wisconsin",2000,356
"1818","Wisconsin",2002,380
"1819","Wisconsin",2004,390
"1820","Wisconsin",2005,366
"1821","Wisconsin",2006,373
"1822","Wisconsin",2007,376
"1823","Wisconsin",2008,374
"1824","Wisconsin",2009,408
"1825","Wisconsin",2010,404
"1826","Wisconsin",2011,408
"1827","Wisconsin",2012,397
"1828","Wisconsin",2013,394
"1829","Wisconsin",2014,377
"1830","Wisconsin",2015,387
"1831","Wisconsin",2016,397
"1832","Wisconsin",2017,379
"1833","Wisconsin",2018,371
"1834","Wisconsin",2019,370
"1835","Wisconsin",2020,369
"1836","Wyoming",1980,262
"1837","Wyoming",1981,277
"1838","Wyoming",1982,310
"1839","Wyoming",1983,340
"1840","Wyoming",1984,382
"1841","Wyoming",1985,328
"1842","Wyoming",1986,352
"1843","Wyoming",1987,326
"1844","Wyoming",1988,309
"1845","Wyoming",1989,331
"1846","Wyoming",1990,322
"1847","Wyoming",1991,322
"1848","Wyoming",1992,393
"1849","Wyoming",1993,290
"1850","Wyoming",1994,279
"1851","Wyoming",1995,283
"1852","Wyoming",1996,297
"1853","Wyoming",1997,294
"1854","Wyoming",1998,300
"1855","Wyoming",1999,334
"1856","Wyoming",2000,340
"1857","Wyoming",2002,395
"1858","Wyoming",2004,420
"1859","Wyoming",2005,430
"1860","Wyoming",2006,460
"1861","Wyoming",2007,463
"1862","Wyoming",2008,424
"1863","Wyoming",2009,590
"1864","Wyoming",2010,537
"1865","Wyoming",2011,502
"1866","Wyoming",2012,469
"1867","Wyoming",2013,473
"1868","Wyoming",2014,460
"1869","Wyoming",2015,470
"1870","Wyoming",2016,489
"1871","Wyoming",2017,462
"1872","Wyoming",2018,445
"1873","Wyoming",2019,450
"1874","Wyoming",2020,453
"1875","Colorado",1980,224
"1876","Colorado",1981,219
"1877","Colorado",1982,226
"1878","Colorado",1983,243
"1879","Colorado",1984,251
"1880","Colorado",1985,260
"1881","Colorado",1986,291
"1882","Colorado",1987,304
"1883","Colorado",1988,291
"1884","Colorado",1989,290
"1885","Colorado",1990,275
"1886","Colorado",1991,276
"1887","Colorado",1992,289
"1888","Colorado",1993,269
"1889","Colorado",1994,291
"1890","Colorado",1995,286
"1891","Colorado",1996,286
"1892","Colorado",1997,295
"1893","Colorado",1998,327
"1894","Colorado",1999,323
"1895","Colorado",2000,326
"1896","Colorado",2002,388
"1897","Colorado",2004,372
"1898","Colorado",2005,386
"1899","Colorado",2006,370
"1900","Colorado",2007,384
"1901","Colorado",2008,394
"1902","Colorado",2009,425
"1903","Colorado",2010,421
"1904","Colorado",2011,411
"1905","Colorado",2012,383
"1906","Colorado",2013,391
"1907","Colorado",2014,408
"1908","Colorado",2015,404
"1909","Colorado",2016,403
"1910","Colorado",2017,403
"1911","Colorado",2018,421
"1912","Colorado",2019,423
"1913","Colorado",2020,445
"1914","Connecticut",1980,204
"1915","Connecticut",1981,196
"1916","Connecticut",1982,202
"1917","Connecticut",1983,216
"1918","Connecticut",1984,225
"1919","Connecticut",1985,238
"1920","Connecticut",1986,258
"1921","Connecticut",1987,271
"1922","Connecticut",1988,295
"1923","Connecticut",1989,301
"1924","Connecticut",1990,311
"1925","Connecticut",1991,313
"1926","Connecticut",1992,316
"1927","Connecticut",1993,286
"1928","Connecticut",1994,301
"1929","Connecticut",1995,301
"1930","Connecticut",1996,313
"1931","Connecticut",1997,323
"1932","Connecticut",1998,333
"1933","Connecticut",1999,342
"1934","Connecticut",2000,340
"1935","Connecticut",2002,367
"1936","Connecticut",2004,357
"1937","Connecticut",2005,358
"1938","Connecticut",2006,374
"1939","Connecticut",2007,365
"1940","Connecticut",2008,383
"1941","Connecticut",2009,378
"1942","Connecticut",2010,392
"1943","Connecticut",2011,389
"1944","Connecticut",2012,391
"1945","Connecticut",2013,390
"1946","Connecticut",2014,389
"1947","Connecticut",2015,401
"1948","Connecticut",2016,422
"1949","Connecticut",2017,390
"1950","Connecticut",2018,396
"1951","Connecticut",2019,396
"1952","Connecticut",2020,420
"1953","Delaware",1980,221
"1954","Delaware",1981,230
"1955","Delaware",1982,238
"1956","Delaware",1983,238
"1957","Delaware",1984,237
"1958","Delaware",1985,246
"1959","Delaware",1986,265
"1960","Delaware",1987,263
"1961","Delaware",1988,291
"1962","Delaware",1989,298
"1963","Delaware",1990,288
"1964","Delaware",1991,281
"1965","Delaware",1992,294
"1966","Delaware",1993,286
"1967","Delaware",1994,282
"1968","Delaware",1995,306
"1969","Delaware",1996,321
"1970","Delaware",1997,320
"1971","Delaware",1998,330
"1972","Delaware",1999,345
"1973","Delaware",2000,359
"1974","Delaware",2002,385
"1975","Delaware",2004,376
"1976","Delaware",2005,421
"1977","Delaware",2006,483
"1978","Delaware",2007,504
"1979","Delaware",2008,435
"1980","Delaware",2009,435
"1981","Delaware",2010,423
"1982","Delaware",2011,420
"1983","Delaware",2012,431
"1984","Delaware",2013,444
"1985","Delaware",2014,454
"1986","Delaware",2015,471
"1987","Delaware",2016,453
"1988","Delaware",2017,471
"1989","Delaware",2018,431
"1990","Delaware",2019,435
"1991","Delaware",2020,444
