"","State","year","tot_pop","num_pov","perc_in_pov"
"1","Alabama",1980,3831000,810000,21.2
"2","Alabama",1981,3878000,935000,24.1
"3","Alabama",1982,3937000,849000,21.6
"4","Alabama",1983,3950000,909000,23
"5","Alabama",1984,3875000,738000,19.1
"6","Alabama",1985,3981000,821000,20.6
"7","Alabama",1986,4025000,959000,23.8
"8","Alabama",1987,3989000,851000,21.3
"9","Alabama",1988,4015000,775000,19.3
"10","Alabama",1989,4074000,770000,18.9
"11","Alabama",1990,4063000,779000,19.2
"12","Alabama",1991,4178000,786000,18.8
"13","Alabama",1992,4226000,729000,17.3
"14","Alabama",1993,4168000,725000,17.4
"15","Alabama",1994,4299000,704000,16.4
"16","Alabama",1995,4396000,882000,20.1
"17","Alabama",1996,4258000,595000,14
"18","Alabama",1997,4243000,665000,15.7
"19","Alabama",1998,4190000,609000,14.5
"20","Alabama",1999,4388000,668000,15.2
"21","Alabama",2000,4376000,583000,13.3
"22","Alabama",2001,4378000,696000,15.9
"23","Alabama",2002,4432000,640000,14.5
"24","Alabama",2003,4417000,663000,15
"25","Alabama",2004,4508000,762000,16.9
"26","Alabama",2005,4501000,750000,16.7
"27","Alabama",2006,4532000,650000,14.3
"28","Alabama",2007,4566000,662000,14.5
"29","Alabama",2008,4716000,675000,14.3
"30","Alabama",2009,4655000,770000,16.6
"31","Alabama",2010,4717000,812000,17.2
"32","Alabama",2011,4765000,732000,15.4
"33","Alabama",2012,4808000,777000,16.2
"34","Alabama",2013,4779000,843500,17.6
"35","Alabama",2014,4765000,848000,17.8
"36","Alabama",2015,4820000,784000,16.3
"37","Alabama",2016,4821000,782000,16.2
"38","Alabama",2017,4803500,729000,15.15
"39","Alabama",2018,4877000,779000,16
"40","Alabama",2019,4873000,627000,12.9
"41","Alabama",2020,5001000,744000,14.9
"42","Alabama",2021,4961000,787000,15.9
"43","Alabama",2022,4990000,681000,13.6
"44","Alabama",2023,4995000,711000,14.2
"45","Alabama",2024,5042000,822000,16.3
"46","Alaska",1980,379000,36000,9.6
"47","Alaska",1981,403000,36000,9
"48","Alaska",1982,432000,46000,10.6
"49","Alaska",1983,486000,61000,12.6
"50","Alaska",1984,507000,49000,9.6
"51","Alaska",1985,510000,45000,8.7
"52","Alaska",1986,517000,59000,11.4
"53","Alaska",1987,499000,60000,12
"54","Alaska",1988,480000,53000,11
"55","Alaska",1989,488000,51000,10.5
"56","Alaska",1990,499000,57000,11.4
"57","Alaska",1991,525000,62000,11.8
"58","Alaska",1992,572000,58000,10.2
"59","Alaska",1993,570000,52000,9.1
"60","Alaska",1994,592000,61000,10.2
"61","Alaska",1995,630000,45000,7.1
"62","Alaska",1996,657000,54000,8.2
"63","Alaska",1997,640000,56000,8.8
"64","Alaska",1998,641000,60000,9.4
"65","Alaska",1999,630000,48000,7.6
"66","Alaska",2000,620000,47000,7.6
"67","Alaska",2001,632000,54000,8.5
"68","Alaska",2002,632000,56000,8.8
"69","Alaska",2003,643000,62000,9.6
"70","Alaska",2004,648000,59000,9.1
"71","Alaska",2005,657000,66000,10
"72","Alaska",2006,658000,58000,8.9
"73","Alaska",2007,675000,51000,7.6
"74","Alaska",2008,672000,55000,8.2
"75","Alaska",2009,688000,81000,11.7
"76","Alaska",2010,695000,87000,12.5
"77","Alaska",2011,712000,83000,11.7
"78","Alaska",2012,702000,70000,10
"79","Alaska",2013,696000,71500,10.3
"80","Alaska",2014,694000,82000,11.9
"81","Alaska",2015,703000,65000,9.2
"82","Alaska",2016,708000,89000,12.6
"83","Alaska",2017,718000,95000,13.25
"84","Alaska",2018,720000,94000,13.1
"85","Alaska",2019,701000,72000,10.2
"86","Alaska",2020,708000,95000,13.4
"87","Alaska",2021,712000,81000,11.4
"88","Alaska",2022,708000,68000,9.6
"89","Alaska",2023,717000,72000,10.1
"90","Alaska",2024,720000,68000,9.4
"91","Arizona",1980,2774000,354000,12.8
"92","Arizona",1981,2751000,323000,11.7
"93","Arizona",1982,2765000,408000,14.8
"94","Arizona",1983,2875000,469000,16.3
"95","Arizona",1984,3133000,569000,18.2
"96","Arizona",1985,3227000,345000,10.7
"97","Arizona",1986,3386000,484000,14.3
"98","Arizona",1987,3459000,444000,12.8
"99","Arizona",1988,3491000,491000,14.1
"100","Arizona",1989,3556000,502000,14.1
"101","Arizona",1990,3521000,484000,13.7
"102","Arizona",1991,3603000,532000,14.8
"103","Arizona",1992,3851000,607000,15.8
"104","Arizona",1993,4003000,615000,15.4
"105","Arizona",1994,4223000,673000,15.9
"106","Arizona",1995,4337000,7e+05,16.1
"107","Arizona",1996,4786000,980000,20.5
"108","Arizona",1997,4643000,797000,17.2
"109","Arizona",1998,4887000,812000,16.6
"110","Arizona",1999,5057000,616000,12.2
"111","Arizona",2000,5181000,607000,11.7
"112","Arizona",2001,5314000,778000,14.6
"113","Arizona",2002,5424000,735000,13.5
"114","Arizona",2003,5558000,749000,13.5
"115","Arizona",2004,5763000,830000,14.4
"116","Arizona",2005,6025000,917000,15.2
"117","Arizona",2006,6256000,902000,14.4
"118","Arizona",2007,6365000,912000,14.3
"119","Arizona",2008,6529000,1172000,18
"120","Arizona",2009,6508000,1381000,21.2
"121","Arizona",2010,6426000,1208000,18.8
"122","Arizona",2011,6547000,1128000,17.2
"123","Arizona",2012,6642000,1260000,19
"124","Arizona",2013,6588500,1254000,19
"125","Arizona",2014,6657000,1409000,21.2
"126","Arizona",2015,6728000,1156000,17.2
"127","Arizona",2016,6878000,1108000,16.1
"128","Arizona",2017,6985500,938500,13.4
"129","Arizona",2018,7241000,929000,12.8
"130","Arizona",2019,7285000,725000,9.9
"131","Arizona",2020,7203000,783000,10.9
"132","Arizona",2021,7303000,922000,12.6
"133","Arizona",2022,7239000,920000,12.7
"134","Arizona",2023,7210000,861000,11.9
"135","Arizona",2024,7567000,761000,10.1
"136","Arkansas",1980,2249000,484000,21.5
"137","Arkansas",1981,2247000,541000,24.1
"138","Arkansas",1982,2219000,527000,23.8
"139","Arkansas",1983,2283000,492000,21.5
"140","Arkansas",1984,2364000,564000,23.9
"141","Arkansas",1985,2364000,541000,22.9
"142","Arkansas",1986,2342000,499000,21.3
"143","Arkansas",1987,2468000,537000,21.8
"144","Arkansas",1988,2446000,527000,21.6
"145","Arkansas",1989,2419000,442000,18.3
"146","Arkansas",1990,2411000,472000,19.6
"147","Arkansas",1991,2450000,425000,17.3
"148","Arkansas",1992,2463000,430000,17.5
"149","Arkansas",1993,2421000,484000,20
"150","Arkansas",1994,2414000,369000,15.3
"151","Arkansas",1995,2532000,376000,14.9
"152","Arkansas",1996,2606000,449000,17.2
"153","Arkansas",1997,2621000,515000,19.7
"154","Arkansas",1998,2559000,377000,14.7
"155","Arkansas",1999,2616000,384000,14.7
"156","Arkansas",2000,2650000,436000,16.5
"157","Arkansas",2001,2650000,472000,17.8
"158","Arkansas",2002,2690000,532000,19.8
"159","Arkansas",2003,2670000,474000,17.8
"160","Arkansas",2004,2723000,412000,15.1
"161","Arkansas",2005,2756000,382000,13.8
"162","Arkansas",2006,2748000,487000,17.7
"163","Arkansas",2007,2803000,387000,13.8
"164","Arkansas",2008,2822000,431000,15.3
"165","Arkansas",2009,2846000,538000,18.9
"166","Arkansas",2010,2879000,440000,15.3
"167","Arkansas",2011,2909000,545000,18.7
"168","Arkansas",2012,2909000,584000,20.1
"169","Arkansas",2013,2896000,449500,15.5
"170","Arkansas",2014,2891000,532000,18.4
"171","Arkansas",2015,2951000,475000,16.1
"172","Arkansas",2016,2941000,471000,16
"173","Arkansas",2017,2922500,434000,14.85
"174","Arkansas",2018,2912000,462000,15.9
"175","Arkansas",2019,2915000,412000,14.1
"176","Arkansas",2020,2974000,420000,14.1
"177","Arkansas",2021,2981000,502000,16.8
"178","Arkansas",2022,2993000,496000,16.6
"179","Arkansas",2023,3011000,416000,13.8
"180","Arkansas",2024,3011000,398000,13.2
"181","California",1980,23750000,2619000,11
"182","California",1981,24110000,3216000,13.3
"183","California",1982,24610000,3475000,14.1
"184","California",1983,25170000,3755000,14.9
"185","California",1984,25600000,3375000,13.2
"186","California",1985,26460000,3596000,13.6
"187","California",1986,27080000,3453000,12.7
"188","California",1987,27880000,3443000,12.3
"189","California",1988,27860000,3687000,13.2
"190","California",1989,29350000,3772000,12.9
"191","California",1990,29770000,4128000,13.9
"192","California",1991,30740000,4825000,15.7
"193","California",1992,31700000,5197000,16.4
"194","California",1993,31970000,5803000,18.2
"195","California",1994,31670000,5658000,17.9
"196","California",1995,32060000,5342000,16.7
"197","California",1996,32310000,5472000,16.9
"198","California",1997,32880000,5459000,16.6
"199","California",1998,33290000,5118000,15.4
"200","California",1999,33710000,4733000,14
"201","California",2000,33890000,4294000,12.7
"202","California",2001,34390000,4321000,12.6
"203","California",2002,35070000,4605000,13.1
"204","California",2003,35310000,4634000,13.1
"205","California",2004,35770000,4724000,13.2
"206","California",2005,35840000,4716000,13.2
"207","California",2006,36160000,4427000,12.2
"208","California",2007,36250000,4589000,12.7
"209","California",2008,36640000,5344000,14.6
"210","California",2009,36740000,5638000,15.3
"211","California",2010,37240000,6073000,16.3
"212","California",2011,37590000,6352000,16.9
"213","California",2012,37910000,6015000,15.9
"214","California",2013,38130000,5714500,15
"215","California",2014,38670000,6112000,15.8
"216","California",2015,39080000,5441000,13.9
"217","California",2016,39140000,5435000,13.9
"218","California",2017,39245000,4815500,12.25
"219","California",2018,39150000,4664000,11.9
"220","California",2019,39370000,3980000,10.1
"221","California",2020,39200000,4332000,11.1
"222","California",2021,38770000,4615000,11.9
"223","California",2022,38690000,4346000,11.2
"224","California",2023,38550000,4568000,11.9
"225","California",2024,39440000,4095000,10.4
"226","Colorado",1980,2869000,247000,8.6
"227","Colorado",1981,2958000,285000,9.6
"228","Colorado",1982,3064000,387000,12.6
"229","Colorado",1983,3083000,390000,12.6
"230","Colorado",1984,3067000,274000,8.9
"231","Colorado",1985,3176000,324000,10.2
"232","Colorado",1986,3157000,426000,13.5
"233","Colorado",1987,3184000,398000,12.5
"234","Colorado",1988,3237000,405000,12.5
"235","Colorado",1989,3258000,393000,12.1
"236","Colorado",1990,3367000,461000,13.7
"237","Colorado",1991,3319000,347000,10.4
"238","Colorado",1992,3478000,376000,10.8
"239","Colorado",1993,3564000,354000,9.9
"240","Colorado",1994,3736000,335000,9
"241","Colorado",1995,3793000,335000,8.8
"242","Colorado",1996,3869000,412000,10.6
"243","Colorado",1997,3921000,320000,8.2
"244","Colorado",1998,3966000,363000,9.2
"245","Colorado",1999,4319000,366000,8.5
"246","Colorado",2000,4334000,425000,9.8
"247","Colorado",2001,4402000,383000,8.7
"248","Colorado",2002,4470000,436000,9.8
"249","Colorado",2003,4478000,436000,9.7
"250","Colorado",2004,4517000,450000,10
"251","Colorado",2005,4629000,530000,11.4
"252","Colorado",2006,4797000,466000,9.7
"253","Colorado",2007,4872000,478000,9.8
"254","Colorado",2008,4908000,541000,11
"255","Colorado",2009,4969000,613000,12.3
"256","Colorado",2010,4995000,615000,12.3
"257","Colorado",2011,5016000,661000,13.2
"258","Colorado",2012,5153000,613000,11.9
"259","Colorado",2013,5296000,564500,10.65
"260","Colorado",2014,5376000,661000,12.3
"261","Colorado",2015,5420000,538000,9.9
"262","Colorado",2016,5502000,467000,8.5
"263","Colorado",2017,5527000,458000,8.3
"264","Colorado",2018,5739000,521000,9.1
"265","Colorado",2019,5768000,535000,9.3
"266","Colorado",2020,5717000,546000,9.5
"267","Colorado",2021,5724000,455000,7.9
"268","Colorado",2022,5732000,465000,8.1
"269","Colorado",2023,5876000,498000,8.5
"270","Colorado",2024,5895000,451000,7.6
"271","Connecticut",1980,3090000,255000,8.3
"272","Connecticut",1981,3084000,254000,8.2
"273","Connecticut",1982,3126000,254000,8.1
"274","Connecticut",1983,3149000,276000,8.8
"275","Connecticut",1984,3152000,218000,6.9
"276","Connecticut",1985,3111000,237000,7.6
"277","Connecticut",1986,3125000,186000,6
"278","Connecticut",1987,3127000,207000,6.6
"279","Connecticut",1988,3199000,128000,4
"280","Connecticut",1989,3136000,90000,2.9
"281","Connecticut",1990,3265000,196000,6
"282","Connecticut",1991,3341000,287000,8.6
"283","Connecticut",1992,3272000,321000,9.8
"284","Connecticut",1993,3259000,277000,8.5
"285","Connecticut",1994,3192000,344000,10.8
"286","Connecticut",1995,3276000,318000,9.7
"287","Connecticut",1996,3341000,392000,11.7
"288","Connecticut",1997,3296000,282000,8.6
"289","Connecticut",1998,3275000,310000,9.5
"290","Connecticut",1999,3418000,246000,7.2
"291","Connecticut",2000,3365000,258000,7.7
"292","Connecticut",2001,3385000,249000,7.3
"293","Connecticut",2002,3377000,279000,8.3
"294","Connecticut",2003,3417000,278000,8.1
"295","Connecticut",2004,3487000,352000,10.1
"296","Connecticut",2005,3483000,326000,9.3
"297","Connecticut",2006,3457000,275000,8
"298","Connecticut",2007,3471000,309000,8.9
"299","Connecticut",2008,3433000,276000,8.1
"300","Connecticut",2009,3472000,292000,8.4
"301","Connecticut",2010,3541000,303000,8.6
"302","Connecticut",2011,3514000,356000,10.1
"303","Connecticut",2012,3517000,363000,10.3
"304","Connecticut",2013,3591000,398000,11.1
"305","Connecticut",2014,3577000,308000,8.6
"306","Connecticut",2015,3572000,324000,9.1
"307","Connecticut",2016,3567000,351000,9.8
"308","Connecticut",2017,3554000,382500,10.75
"309","Connecticut",2018,3413000,348000,10.2
"310","Connecticut",2019,3490000,291000,8.3
"311","Connecticut",2020,3545000,396000,11.2
"312","Connecticut",2021,3553000,285000,8
"313","Connecticut",2022,3602000,368000,10.2
"314","Connecticut",2023,3620000,301000,8.3
"315","Connecticut",2024,3658000,332000,9.1
"316","Delaware",1980,578000,68000,11.8
"317","Delaware",1981,587000,72000,12.3
"318","Delaware",1982,611000,70000,11.5
"319","Delaware",1983,602000,52000,8.6
"320","Delaware",1984,611000,63000,10.3
"321","Delaware",1985,624000,71000,11.4
"322","Delaware",1986,639000,79000,12.4
"323","Delaware",1987,637000,42000,6.6
"324","Delaware",1988,659000,57000,8.6
"325","Delaware",1989,676000,68000,10
"326","Delaware",1990,690000,48000,6.9
"327","Delaware",1991,709000,53000,7.5
"328","Delaware",1992,709000,55000,7.8
"329","Delaware",1993,711000,73000,10.2
"330","Delaware",1994,681000,57000,8.3
"331","Delaware",1995,713000,74000,10.3
"332","Delaware",1996,732000,63000,8.6
"333","Delaware",1997,749000,72000,9.6
"334","Delaware",1998,781000,80000,10.3
"335","Delaware",1999,768000,80000,10.4
"336","Delaware",2000,777000,65000,8.4
"337","Delaware",2001,790000,53000,6.7
"338","Delaware",2002,796000,73000,9.1
"339","Delaware",2003,818000,60000,7.3
"340","Delaware",2004,825000,74000,9
"341","Delaware",2005,842000,78000,9.2
"342","Delaware",2006,858000,80000,9.3
"343","Delaware",2007,861000,80000,9.3
"344","Delaware",2008,861000,82000,9.6
"345","Delaware",2009,883000,109000,12.3
"346","Delaware",2010,890000,109000,12.2
"347","Delaware",2011,902000,123000,13.7
"348","Delaware",2012,9e+05,121000,13.5
"349","Delaware",2013,909500,114500,12.6
"350","Delaware",2014,929000,103000,11
"351","Delaware",2015,958000,106000,11.1
"352","Delaware",2016,947000,110000,11.6
"353","Delaware",2017,967000,87000,9
"354","Delaware",2018,976000,72000,7.4
"355","Delaware",2019,971000,63000,6.5
"356","Delaware",2020,991000,104000,10.5
"357","Delaware",2021,996000,117000,11.7
"358","Delaware",2022,1035000,97000,9.3
"359","Delaware",2023,1034000,81000,7.8
"360","Delaware",2024,1044000,87000,8.3
"361","Florida",1980,10100000,1692000,16.7
"362","Florida",1981,10280000,1704000,16.6
"363","Florida",1982,10510000,1601000,15.2
"364","Florida",1983,10850000,1595000,14.7
"365","Florida",1984,11190000,1693000,15.1
"366","Florida",1985,11540000,1551000,13.4
"367","Florida",1986,11780000,1342000,11.4
"368","Florida",1987,12260000,1523000,12.4
"369","Florida",1988,12500000,1704000,13.6
"370","Florida",1989,12760000,1590000,12.5
"371","Florida",1990,13180000,1896000,14.4
"372","Florida",1991,13410000,2069000,15.4
"373","Florida",1992,13710000,2139000,15.6
"374","Florida",1993,14120000,2507000,17.8
"375","Florida",1994,14260000,2128000,14.9
"376","Florida",1995,14310000,2321000,16.2
"377","Florida",1996,14340000,2037000,14.2
"378","Florida",1997,14350000,2056000,14.3
"379","Florida",1998,14630000,1923000,13.1
"380","Florida",1999,15570000,1937000,12.4
"381","Florida",2000,15990000,1754000,11
"382","Florida",2001,16320000,2077000,12.7
"383","Florida",2002,16390000,2058000,12.6
"384","Florida",2003,16880000,2148000,12.7
"385","Florida",2004,17420000,2028000,11.6
"386","Florida",2005,17850000,1975000,11.1
"387","Florida",2006,18030000,2068000,11.5
"388","Florida",2007,18040000,2250000,12.5
"389","Florida",2008,18020000,2370000,13.1
"390","Florida",2009,18390000,2676000,14.6
"391","Florida",2010,18760000,3006000,16
"392","Florida",2011,18990000,2822000,14.9
"393","Florida",2012,19170000,2926000,15.3
"394","Florida",2013,19415000,2885000,14.85
"395","Florida",2014,19690000,3282000,16.7
"396","Florida",2015,20070000,3253000,16.2
"397","Florida",2016,20520000,2659000,13
"398","Florida",2017,20900000,2836500,13.55
"399","Florida",2018,21120000,2883000,13.7
"400","Florida",2019,21400000,2455000,11.5
"401","Florida",2020,21510000,2854000,13.3
"402","Florida",2021,21650000,2721000,12.6
"403","Florida",2022,22190000,2988000,13.5
"404","Florida",2023,22630000,2622000,11.6
"405","Florida",2024,23460000,2687000,11.5
"406","Georgia",1980,5243000,727000,13.9
"407","Georgia",1981,5415000,881000,16.3
"408","Georgia",1982,5472000,1074000,19.6
"409","Georgia",1983,5581000,1050000,18.8
"410","Georgia",1984,5822000,981000,16.9
"411","Georgia",1985,5867000,1037000,17.7
"412","Georgia",1986,6023000,879000,14.6
"413","Georgia",1987,6049000,883000,14.6
"414","Georgia",1988,6230000,875000,14
"415","Georgia",1989,6197000,929000,15
"416","Georgia",1990,6349000,1001000,15.8
"417","Georgia",1991,6265000,1077000,17.2
"418","Georgia",1992,6664000,1177000,17.7
"419","Georgia",1993,6825000,919000,13.5
"420","Georgia",1994,7220000,1012000,14
"421","Georgia",1995,7262000,878000,12.1
"422","Georgia",1996,7390000,1097000,14.8
"423","Georgia",1997,7631000,1109000,14.5
"424","Georgia",1998,7634000,1034000,13.5
"425","Georgia",1999,7877000,1011000,12.8
"426","Georgia",2000,8112000,982000,12.1
"427","Georgia",2001,8261000,1069000,12.9
"428","Georgia",2002,8413000,939000,11.2
"429","Georgia",2003,8559000,1014000,11.9
"430","Georgia",2004,8700000,1132000,13
"431","Georgia",2005,9014000,1298000,14.4
"432","Georgia",2006,9334000,1172000,12.6
"433","Georgia",2007,9486000,1294000,13.6
"434","Georgia",2008,9541000,1477000,15.5
"435","Georgia",2009,9657000,1775000,18.4
"436","Georgia",2010,9650000,1814000,18.8
"437","Georgia",2011,9681000,1783000,18.4
"438","Georgia",2012,9665000,1752000,18.1
"439","Georgia",2013,9817500,1708500,17.4
"440","Georgia",2014,9948000,1676000,16.8
"441","Georgia",2015,10100000,1833000,18.1
"442","Georgia",2016,10270000,1580000,15.4
"443","Georgia",2017,10230000,1347500,13.2
"444","Georgia",2018,10420000,1548000,14.8
"445","Georgia",2019,10350000,1249000,12.1
"446","Georgia",2020,10560000,1399000,13.3
"447","Georgia",2021,10670000,1490000,14
"448","Georgia",2022,10920000,1280000,11.7
"449","Georgia",2023,11040000,1427000,12.9
"450","Georgia",2024,11120000,1408000,12.7
"451","Hawaii",1980,954000,81000,8.5
"452","Hawaii",1981,953000,108000,11.3
"453","Hawaii",1982,997000,132000,13.2
"454","Hawaii",1983,998000,129000,12.9
"455","Hawaii",1984,997000,92000,9.3
"456","Hawaii",1985,1018000,109000,10.7
"457","Hawaii",1986,1024000,109000,10.7
"458","Hawaii",1987,1086000,95000,8.8
"459","Hawaii",1988,1051000,117000,11.1
"460","Hawaii",1989,1086000,122000,11.3
"461","Hawaii",1990,1100000,121000,11
"462","Hawaii",1991,1164000,90000,7.7
"463","Hawaii",1992,1187000,133000,11.2
"464","Hawaii",1993,1135000,91000,8
"465","Hawaii",1994,1106000,97000,8.7
"466","Hawaii",1995,1187000,122000,10.3
"467","Hawaii",1996,1172000,142000,12.1
"468","Hawaii",1997,1182000,164000,13.9
"469","Hawaii",1998,1201000,131000,10.9
"470","Hawaii",1999,1225000,133000,10.8
"471","Hawaii",2000,1195000,106000,8.9
"472","Hawaii",2001,1205000,138000,11.4
"473","Hawaii",2002,1219000,138000,11.3
"474","Hawaii",2003,1250000,117000,9.3
"475","Hawaii",2004,1244000,106000,8.6
"476","Hawaii",2005,1274000,110000,8.6
"477","Hawaii",2006,1254000,116000,9.2
"478","Hawaii",2007,1264000,94000,7.5
"479","Hawaii",2008,1255000,125000,9.9
"480","Hawaii",2009,1250000,156000,12.5
"481","Hawaii",2010,1311000,162000,12.4
"482","Hawaii",2011,1337000,162000,12.1
"483","Hawaii",2012,1356000,188000,13.8
"484","Hawaii",2013,1353000,147000,10.85
"485","Hawaii",2014,1365000,147000,10.8
"486","Hawaii",2015,1382000,151000,10.9
"487","Hawaii",2016,1392000,129000,9.3
"488","Hawaii",2017,1402000,146500,10.45
"489","Hawaii",2018,1393000,128000,9.2
"490","Hawaii",2019,1365000,115000,8.4
"491","Hawaii",2020,1427000,155000,10.9
"492","Hawaii",2021,1427000,156000,10.9
"493","Hawaii",2022,1423000,126000,8.8
"494","Hawaii",2023,1415000,116000,8.2
"495","Hawaii",2024,1414000,122000,8.6
"496","Idaho",1980,934000,138000,14.7
"497","Idaho",1981,962000,171000,17.7
"498","Idaho",1982,967000,151000,15.6
"499","Idaho",1983,980000,174000,17.7
"500","Idaho",1984,992000,171000,17.3
"501","Idaho",1985,996000,159000,16
"502","Idaho",1986,973000,180000,18.5
"503","Idaho",1987,991000,150000,15.1
"504","Idaho",1988,991000,124000,12.5
"505","Idaho",1989,1014000,126000,12.4
"506","Idaho",1990,1048000,157000,14.9
"507","Idaho",1991,1035000,144000,13.9
"508","Idaho",1992,1095000,166000,15.2
"509","Idaho",1993,1145000,150000,13.1
"510","Idaho",1994,1138000,137000,12
"511","Idaho",1995,1154000,167000,14.5
"512","Idaho",1996,1185000,140000,11.9
"513","Idaho",1997,1251000,183000,14.7
"514","Idaho",1998,1273000,165000,13
"515","Idaho",1999,1240000,175000,14.1
"516","Idaho",2000,1289000,162000,12.5
"517","Idaho",2001,1314000,151000,11.5
"518","Idaho",2002,1296000,147000,11.3
"519","Idaho",2003,1356000,138000,10.2
"520","Idaho",2004,1372000,136000,9.9
"521","Idaho",2005,1441000,143000,9.9
"522","Idaho",2006,1472000,141000,9.5
"523","Idaho",2007,1501000,149000,9.9
"524","Idaho",2008,1515000,185000,12.2
"525","Idaho",2009,1524000,209000,13.7
"526","Idaho",2010,1543000,213000,13.8
"527","Idaho",2011,1574000,248000,15.7
"528","Idaho",2012,1588000,229000,14.4
"529","Idaho",2013,1601000,202500,12.65
"530","Idaho",2014,1606000,199000,12.4
"531","Idaho",2015,1657000,204000,12.3
"532","Idaho",2016,1679000,187000,11.1
"533","Idaho",2017,1731000,200500,11.6
"534","Idaho",2018,1766000,202000,11.5
"535","Idaho",2019,1794000,127000,7.1
"536","Idaho",2020,1862000,170000,9.1
"537","Idaho",2021,1905000,177000,9.3
"538","Idaho",2022,1947000,159000,8.2
"539","Idaho",2023,1957000,178000,9.1
"540","Idaho",2024,1972000,161000,8.2
"541","Illinois",1980,11260000,1386000,12.3
"542","Illinois",1981,11340000,1371000,12.1
"543","Illinois",1982,11280000,1512000,13.4
"544","Illinois",1983,11350000,1617000,14.3
"545","Illinois",1984,11650000,1753000,15
"546","Illinois",1985,11740000,1830000,15.6
"547","Illinois",1986,11450000,1517000,13.3
"548","Illinois",1987,11500000,1655000,14.4
"549","Illinois",1988,11340000,1436000,12.7
"550","Illinois",1989,11560000,1470000,12.7
"551","Illinois",1990,11700000,1606000,13.7
"552","Illinois",1991,11800000,1598000,13.5
"553","Illinois",1992,11890000,1857000,15.6
"554","Illinois",1993,11730000,1600000,13.6
"555","Illinois",1994,11810000,1464000,12.4
"556","Illinois",1995,11760000,1459000,12.4
"557","Illinois",1996,11810000,1429000,12.1
"558","Illinois",1997,12070000,1349000,11.2
"559","Illinois",1998,12260000,1234000,10.1
"560","Illinois",1999,12250000,1215000,9.9
"561","Illinois",2000,12270000,1307000,10.7
"562","Illinois",2001,12310000,1249000,10.1
"563","Illinois",2002,12500000,1594000,12.8
"564","Illinois",2003,12620000,1592000,12.6
"565","Illinois",2004,12560000,1546000,12.3
"566","Illinois",2005,12570000,1441000,11.5
"567","Illinois",2006,12630000,1338000,10.6
"568","Illinois",2007,12680000,1262000,10
"569","Illinois",2008,12690000,1564000,12.3
"570","Illinois",2009,12760000,1690000,13.2
"571","Illinois",2010,12780000,1798000,14.1
"572","Illinois",2011,12700000,1807000,14.2
"573","Illinois",2012,12730000,1608000,12.6
"574","Illinois",2013,12715000,1707500,13.45
"575","Illinois",2014,12770000,1756000,13.7
"576","Illinois",2015,12680000,1380000,10.9
"577","Illinois",2016,12580000,1517000,12.1
"578","Illinois",2017,12600000,1416500,11.2
"579","Illinois",2018,12590000,1292000,10.3
"580","Illinois",2019,12500000,1160000,9.3
"581","Illinois",2020,12640000,1010000,8
"582","Illinois",2021,12460000,1339000,10.7
"583","Illinois",2022,12350000,1173000,9.5
"584","Illinois",2023,12540000,1224000,9.8
"585","Illinois",2024,12630000,1473000,11.7
"586","Indiana",1980,5490000,645000,11.8
"587","Indiana",1981,5431000,685000,12.6
"588","Indiana",1982,5415000,683000,12.6
"589","Indiana",1983,5382000,865000,16.1
"590","Indiana",1984,5419000,697000,12.9
"591","Indiana",1985,5302000,639000,12
"592","Indiana",1986,5312000,674000,12.7
"593","Indiana",1987,5398000,597000,11.1
"594","Indiana",1988,5530000,560000,10.1
"595","Indiana",1989,5453000,749000,13.7
"596","Indiana",1990,5480000,714000,13
"597","Indiana",1991,5533000,866000,15.7
"598","Indiana",1992,5622000,661000,11.8
"599","Indiana",1993,5751000,704000,12.2
"600","Indiana",1994,5967000,816000,13.7
"601","Indiana",1995,5673000,545000,9.6
"602","Indiana",1996,5681000,428000,7.5
"603","Indiana",1997,5849000,515000,8.8
"604","Indiana",1998,5830000,547000,9.4
"605","Indiana",1999,5914000,396000,6.7
"606","Indiana",2000,6007000,513000,8.5
"607","Indiana",2001,6030000,511000,8.5
"608","Indiana",2002,6086000,552000,9.1
"609","Indiana",2003,6130000,610000,9.9
"610","Indiana",2004,6121000,712000,11.6
"611","Indiana",2005,6131000,774000,12.6
"612","Indiana",2006,6334000,674000,10.6
"613","Indiana",2007,6258000,740000,11.8
"614","Indiana",2008,6288000,901000,14.3
"615","Indiana",2009,6342000,1023000,16.1
"616","Indiana",2010,6390000,1041000,16.3
"617","Indiana",2011,6344000,989000,15.6
"618","Indiana",2012,6343000,964000,15.2
"619","Indiana",2013,6477500,913000,14.05
"620","Indiana",2014,6470000,948000,14.6
"621","Indiana",2015,6502000,880000,13.5
"622","Indiana",2016,6493000,768000,11.8
"623","Indiana",2017,6532500,755000,11.55
"624","Indiana",2018,6582000,761000,11.6
"625","Indiana",2019,6691000,677000,10.1
"626","Indiana",2020,6685000,807000,12.1
"627","Indiana",2021,6778000,704000,10.4
"628","Indiana",2022,6792000,704000,10.4
"629","Indiana",2023,6832000,566000,8.3
"630","Indiana",2024,6848000,589000,8.6
"631","Iowa",1980,2868000,311000,10.8
"632","Iowa",1981,2815000,368000,13.1
"633","Iowa",1982,2770000,371000,13.4
"634","Iowa",1983,2828000,473000,16.7
"635","Iowa",1984,2876000,419000,14.6
"636","Iowa",1985,2815000,505000,17.9
"637","Iowa",1986,2907000,376000,12.9
"638","Iowa",1987,2892000,419000,14.5
"639","Iowa",1988,2814000,263000,9.4
"640","Iowa",1989,2835000,291000,10.3
"641","Iowa",1990,2784000,289000,10.4
"642","Iowa",1991,2821000,271000,9.6
"643","Iowa",1992,2846000,328000,11.5
"644","Iowa",1993,2809000,290000,10.3
"645","Iowa",1994,2815000,302000,10.7
"646","Iowa",1995,2894000,352000,12.2
"647","Iowa",1996,2898000,279000,9.6
"648","Iowa",1997,2820000,270000,9.6
"649","Iowa",1998,2834000,257000,9.1
"650","Iowa",1999,2856000,210000,7.4
"651","Iowa",2000,2858000,237000,8.3
"652","Iowa",2001,2858000,212000,7.4
"653","Iowa",2002,2899000,267000,9.2
"654","Iowa",2003,2916000,260000,8.9
"655","Iowa",2004,2901000,316000,10.9
"656","Iowa",2005,2902000,327000,11.3
"657","Iowa",2006,2913000,301000,10.3
"658","Iowa",2007,2965000,264000,8.9
"659","Iowa",2008,2986000,285000,9.5
"660","Iowa",2009,2987000,319000,10.7
"661","Iowa",2010,2977000,307000,10.3
"662","Iowa",2011,3027000,315000,10.4
"663","Iowa",2012,3010000,310000,10.3
"664","Iowa",2013,3071000,367500,12
"665","Iowa",2014,3078000,317000,10.3
"666","Iowa",2015,3100000,321000,10.4
"667","Iowa",2016,3099000,302000,9.8
"668","Iowa",2017,3053500,254000,8.3
"669","Iowa",2018,3110000,277000,8.9
"670","Iowa",2019,3137000,298000,9.5
"671","Iowa",2020,3163000,290000,9.2
"672","Iowa",2021,3182000,309000,9.7
"673","Iowa",2022,3183000,299000,9.4
"674","Iowa",2023,3191000,254000,8
"675","Iowa",2024,3240000,257000,7.9
"676","Kansas",1980,2286000,215000,9.4
"677","Kansas",1981,2282000,267000,11.7
"678","Kansas",1982,2365000,247000,10.4
"679","Kansas",1983,2369000,321000,13.6
"680","Kansas",1984,2420000,260000,10.7
"681","Kansas",1985,2395000,331000,13.8
"682","Kansas",1986,2433000,269000,11.1
"683","Kansas",1987,2435000,225000,9.2
"684","Kansas",1988,2399000,195000,8.1
"685","Kansas",1989,2434000,262000,10.8
"686","Kansas",1990,2510000,259000,10.3
"687","Kansas",1991,2580000,317000,12.3
"688","Kansas",1992,2510000,279000,11.1
"689","Kansas",1993,2496000,327000,13.1
"690","Kansas",1994,2522000,375000,14.9
"691","Kansas",1995,2535000,273000,10.8
"692","Kansas",1996,2569000,287000,11.2
"693","Kansas",1997,2583000,250000,9.7
"694","Kansas",1998,2615000,250000,9.6
"695","Kansas",1999,2605000,320000,12.3
"696","Kansas",2000,2649000,213000,8
"697","Kansas",2001,2635000,267000,10.1
"698","Kansas",2002,2681000,269000,10.1
"699","Kansas",2003,2676000,288000,10.8
"700","Kansas",2004,2669000,304000,11.4
"701","Kansas",2005,2693000,337000,12.5
"702","Kansas",2006,2719000,349000,12.8
"703","Kansas",2007,2720000,319000,11.7
"704","Kansas",2008,2716000,346000,12.7
"705","Kansas",2009,2737000,374000,13.7
"706","Kansas",2010,2766000,4e+05,14.5
"707","Kansas",2011,2807000,402000,14.3
"708","Kansas",2012,2828000,397000,14
"709","Kansas",2013,2795000,344000,12.3
"710","Kansas",2014,2851000,345000,12.1
"711","Kansas",2015,2849000,404000,14.2
"712","Kansas",2016,2859000,321000,11.2
"713","Kansas",2017,2869000,416000,14.5
"714","Kansas",2018,2835000,212000,7.5
"715","Kansas",2019,2813000,266000,9.5
"716","Kansas",2020,2891000,267000,9.3
"717","Kansas",2021,2891000,206000,7.1
"718","Kansas",2022,2846000,298000,10.5
"719","Kansas",2023,2889000,254000,8.8
"720","Kansas",2024,2958000,219000,7.4
"721","Kentucky",1980,3641000,701000,19.3
"722","Kentucky",1981,3668000,708000,19.3
"723","Kentucky",1982,3618000,587000,16.2
"724","Kentucky",1983,3752000,670000,17.9
"725","Kentucky",1984,3721000,709000,19.1
"726","Kentucky",1985,3650000,708000,19.4
"727","Kentucky",1986,3560000,630000,17.7
"728","Kentucky",1987,3666000,634000,17.3
"729","Kentucky",1988,3605000,634000,17.6
"730","Kentucky",1989,3576000,576000,16.1
"731","Kentucky",1990,3620000,628000,17.3
"732","Kentucky",1991,3640000,683000,18.8
"733","Kentucky",1992,3720000,731000,19.7
"734","Kentucky",1993,3740000,763000,20.4
"735","Kentucky",1994,3843000,710000,18.5
"736","Kentucky",1995,3876000,572000,14.7
"737","Kentucky",1996,3877000,658000,17
"738","Kentucky",1997,3913000,623000,15.9
"739","Kentucky",1998,3860000,521000,13.5
"740","Kentucky",1999,3859000,467000,12.1
"741","Kentucky",2000,3995000,502000,12.6
"742","Kentucky",2001,3989000,503000,12.6
"743","Kentucky",2002,4033000,571000,14.2
"744","Kentucky",2003,4100000,589000,14.4
"745","Kentucky",2004,4068000,723000,17.8
"746","Kentucky",2005,4049000,599000,14.8
"747","Kentucky",2006,4106000,690000,16.8
"748","Kentucky",2007,4202000,653000,15.5
"749","Kentucky",2008,4246000,724000,17.1
"750","Kentucky",2009,4276000,727000,17
"751","Kentucky",2010,4270000,754000,17.7
"752","Kentucky",2011,4302000,689000,16
"753","Kentucky",2012,4342000,776000,17.9
"754","Kentucky",2013,4430500,931000,21
"755","Kentucky",2014,4299000,861000,20
"756","Kentucky",2015,4365000,851000,19.5
"757","Kentucky",2016,4383000,667000,15.2
"758","Kentucky",2017,4398000,612000,13.95
"759","Kentucky",2018,4445000,696000,15.7
"760","Kentucky",2019,4399000,599000,13.6
"761","Kentucky",2020,4454000,621000,13.9
"762","Kentucky",2021,4459000,725000,16.2
"763","Kentucky",2022,4453000,763000,17.1
"764","Kentucky",2023,4445000,603000,13.6
"765","Kentucky",2024,4575000,712000,15.6
"766","Louisiana",1980,4273000,868000,20.3
"767","Louisiana",1981,4262000,938000,22
"768","Louisiana",1982,4299000,976000,22.7
"769","Louisiana",1983,4360000,939000,21.5
"770","Louisiana",1984,4304000,888000,20.6
"771","Louisiana",1985,4322000,781000,18.1
"772","Louisiana",1986,4338000,953000,22
"773","Louisiana",1987,4268000,1071000,25.1
"774","Louisiana",1988,4249000,968000,22.8
"775","Louisiana",1989,4080000,950000,23.3
"776","Louisiana",1990,4034000,952000,23.6
"777","Louisiana",1991,4185000,795000,19
"778","Louisiana",1992,4256000,1043000,24.5
"779","Louisiana",1993,4246000,1119000,26.4
"780","Louisiana",1994,4351000,1117000,25.7
"781","Louisiana",1995,4306000,849000,19.7
"782","Louisiana",1996,4263000,873000,20.5
"783","Louisiana",1997,4241000,691000,16.3
"784","Louisiana",1998,4305000,821000,19.1
"785","Louisiana",1999,4289000,823000,19.2
"786","Louisiana",2000,4354000,750000,17.2
"787","Louisiana",2001,4372000,709000,16.2
"788","Louisiana",2002,4445000,777000,17.5
"789","Louisiana",2003,4422000,750000,17
"790","Louisiana",2004,4419000,744000,16.8
"791","Louisiana",2005,4086000,748000,18.3
"792","Louisiana",2006,4206000,713000,17
"793","Louisiana",2007,4186000,673000,16.1
"794","Louisiana",2008,4326000,788000,18.2
"795","Louisiana",2009,4450000,636000,14.3
"796","Louisiana",2010,4418000,949000,21.5
"797","Louisiana",2011,4494000,947000,21.1
"798","Louisiana",2012,4465000,944000,21.1
"799","Louisiana",2013,4519000,913000,20.2
"800","Louisiana",2014,4550000,1049000,23.1
"801","Louisiana",2015,4599000,854000,18.6
"802","Louisiana",2016,4573000,923000,20.2
"803","Louisiana",2017,4536500,950500,20.95
"804","Louisiana",2018,4510000,858000,19
"805","Louisiana",2019,4563000,816000,17.9
"806","Louisiana",2020,4545000,704000,15.5
"807","Louisiana",2021,4519000,830000,18.4
"808","Louisiana",2022,4519000,761000,16.9
"809","Louisiana",2023,4482000,964000,21.5
"810","Louisiana",2024,4551000,911000,20
"811","Maine",1980,1077000,158000,14.6
"812","Maine",1981,1116000,179000,16
"813","Maine",1982,1133000,156000,13.7
"814","Maine",1983,1157000,144000,12.4
"815","Maine",1984,1167000,152000,13
"816","Maine",1985,1129000,134000,11.9
"817","Maine",1986,1127000,115000,10.2
"818","Maine",1987,1144000,134000,11.7
"819","Maine",1988,1201000,159000,13.2
"820","Maine",1989,1233000,128000,10.4
"821","Maine",1990,1231000,162000,13.1
"822","Maine",1991,1213000,171000,14.1
"823","Maine",1992,1239000,167000,13.5
"824","Maine",1993,1276000,196000,15.4
"825","Maine",1994,1201000,113000,9.4
"826","Maine",1995,1225000,138000,11.2
"827","Maine",1996,1203000,135000,11.2
"828","Maine",1997,1222000,124000,10.1
"829","Maine",1998,1263000,131000,10.4
"830","Maine",1999,1260000,134000,10.6
"831","Maine",2000,1267000,128000,10.1
"832","Maine",2001,1277000,132000,10.3
"833","Maine",2002,1265000,170000,13.4
"834","Maine",2003,1279000,149000,11.6
"835","Maine",2004,1290000,149000,11.6
"836","Maine",2005,1314000,166000,12.6
"837","Maine",2006,1313000,134000,10.2
"838","Maine",2007,1312000,142000,10.9
"839","Maine",2008,1317000,158000,12
"840","Maine",2009,1297000,148000,11.4
"841","Maine",2010,1298000,164000,12.6
"842","Maine",2011,1328000,178000,13.4
"843","Maine",2012,1330000,170000,12.8
"844","Maine",2013,1320000,156000,11.85
"845","Maine",2014,1300000,190000,14.6
"846","Maine",2015,1340000,165000,12.3
"847","Maine",2016,1317000,167000,12.7
"848","Maine",2017,1316000,160500,12.2
"849","Maine",2018,1321000,153000,11.6
"850","Maine",2019,1340000,140000,10.4
"851","Maine",2020,1366000,109000,8
"852","Maine",2021,1354000,123000,9.1
"853","Maine",2022,1381000,133000,9.6
"854","Maine",2023,1392000,103000,7.4
"855","Maine",2024,1396000,102000,7.3
"856","Maryland",1980,4104000,389000,9.5
"857","Maryland",1981,4123000,442000,10.7
"858","Maryland",1982,4190000,516000,12.3
"859","Maryland",1983,4112000,358000,8.7
"860","Maryland",1984,4106000,358000,8.7
"861","Maryland",1985,4209000,364000,8.7
"862","Maryland",1986,4504000,414000,9.2
"863","Maryland",1987,4558000,420000,9.2
"864","Maryland",1988,4650000,457000,9.8
"865","Maryland",1989,4567000,411000,9
"866","Maryland",1990,4727000,468000,9.9
"867","Maryland",1991,4767000,432000,9.1
"868","Maryland",1992,4946000,583000,11.8
"869","Maryland",1993,4925000,479000,9.7
"870","Maryland",1994,5045000,541000,10.7
"871","Maryland",1995,5133000,520000,10.1
"872","Maryland",1996,5085000,522000,10.3
"873","Maryland",1997,5043000,422000,8.4
"874","Maryland",1998,5014000,359000,7.2
"875","Maryland",1999,5049000,367000,7.3
"876","Maryland",2000,5241000,386000,7.4
"877","Maryland",2001,5318000,385000,7.2
"878","Maryland",2002,5419000,4e+05,7.4
"879","Maryland",2003,5485000,472000,8.6
"880","Maryland",2004,5539000,550000,9.9
"881","Maryland",2005,5560000,542000,9.7
"882","Maryland",2006,5607000,469000,8.4
"883","Maryland",2007,5560000,491000,8.8
"884","Maryland",2008,5528000,481000,8.7
"885","Maryland",2009,5662000,543000,9.6
"886","Maryland",2010,5786000,628000,10.9
"887","Maryland",2011,5806000,537000,9.3
"888","Maryland",2012,5892000,585000,9.9
"889","Maryland",2013,5939500,617000,10.4
"890","Maryland",2014,5934000,584000,9.8
"891","Maryland",2015,5892000,566000,9.6
"892","Maryland",2016,5930000,424000,7.1
"893","Maryland",2017,5972000,459000,7.7
"894","Maryland",2018,6030000,480000,8
"895","Maryland",2019,6067000,424000,7
"896","Maryland",2020,6077000,569000,9.4
"897","Maryland",2021,6095000,469000,7.7
"898","Maryland",2022,6202000,535000,8.6
"899","Maryland",2023,6197000,550000,8.9
"900","Maryland",2024,6230000,449000,7.2
"901","Massachusetts",1980,5725000,542000,9.5
"902","Massachusetts",1981,5804000,518000,8.9
"903","Massachusetts",1982,5748000,590000,10.3
"904","Massachusetts",1983,5731000,443000,7.7
"905","Massachusetts",1984,5845000,519000,8.9
"906","Massachusetts",1985,5899000,544000,9.2
"907","Massachusetts",1986,5846000,538000,9.2
"908","Massachusetts",1987,5845000,477000,8.2
"909","Massachusetts",1988,5861000,497000,8.5
"910","Massachusetts",1989,5831000,513000,8.8
"911","Massachusetts",1990,5832000,626000,10.7
"912","Massachusetts",1991,5803000,637000,11
"913","Massachusetts",1992,5843000,6e+05,10.3
"914","Massachusetts",1993,5991000,641000,10.7
"915","Massachusetts",1994,6005000,585000,9.7
"916","Massachusetts",1995,6065000,665000,11
"917","Massachusetts",1996,6150000,622000,10.1
"918","Massachusetts",1997,5991000,732000,12.2
"919","Massachusetts",1998,6100000,528000,8.7
"920","Massachusetts",1999,6262000,738000,11.8
"921","Massachusetts",2000,6284000,618000,9.8
"922","Massachusetts",2001,6302000,561000,8.9
"923","Massachusetts",2002,6469000,648000,10
"924","Massachusetts",2003,6357000,652000,10.3
"925","Massachusetts",2004,6363000,594000,9.3
"926","Massachusetts",2005,6318000,641000,10.1
"927","Massachusetts",2006,6324000,758000,12
"928","Massachusetts",2007,6336000,707000,11.2
"929","Massachusetts",2008,6420000,727000,11.3
"930","Massachusetts",2009,6623000,717000,10.8
"931","Massachusetts",2010,6532000,711000,10.9
"932","Massachusetts",2011,6514000,688000,10.6
"933","Massachusetts",2012,6566000,743000,11.3
"934","Massachusetts",2013,6652500,801000,12
"935","Massachusetts",2014,6653000,902000,13.6
"936","Massachusetts",2015,6777000,782000,11.5
"937","Massachusetts",2016,6775000,649000,9.6
"938","Massachusetts",2017,6790000,743500,10.9
"939","Massachusetts",2018,6883000,601000,8.7
"940","Massachusetts",2019,6897000,521000,7.5
"941","Massachusetts",2020,6943000,586000,8.4
"942","Massachusetts",2021,6841000,522000,7.6
"943","Massachusetts",2022,6860000,658000,9.6
"944","Massachusetts",2023,6925000,632000,9.1
"945","Massachusetts",2024,7067000,626000,8.9
"946","Michigan",1980,9227000,1194000,12.9
"947","Michigan",1981,9096000,1184000,13
"948","Michigan",1982,9117000,1481000,16.2
"949","Michigan",1983,9056000,1518000,16.8
"950","Michigan",1984,8962000,1495000,16.7
"951","Michigan",1985,9051000,1308000,14.5
"952","Michigan",1986,9112000,1267000,13.9
"953","Michigan",1987,8973000,1095000,12.2
"954","Michigan",1988,9223000,1112000,12.1
"955","Michigan",1989,9297000,1228000,13.2
"956","Michigan",1990,9187000,1315000,14.3
"957","Michigan",1991,9263000,1308000,14.1
"958","Michigan",1992,9322000,1271000,13.6
"959","Michigan",1993,9560000,1475000,15.4
"960","Michigan",1994,9519000,1347000,14.1
"961","Michigan",1995,9637000,1174000,12.2
"962","Michigan",1996,9572000,1068000,11.2
"963","Michigan",1997,9783000,1006000,10.3
"964","Michigan",1998,10010000,1097000,11
"965","Michigan",1999,10050000,978000,9.7
"966","Michigan",2000,9813000,967000,9.9
"967","Michigan",2001,9880000,927000,9.4
"968","Michigan",2002,9897000,1152000,11.6
"969","Michigan",2003,9893000,1125000,11.4
"970","Michigan",2004,9939000,1318000,13.3
"971","Michigan",2005,9964000,1196000,12
"972","Michigan",2006,9953000,1323000,13.3
"973","Michigan",2007,9919000,1076000,10.8
"974","Michigan",2008,9806000,1273000,13
"975","Michigan",2009,9797000,1376000,14
"976","Michigan",2010,9751000,1530000,15.7
"977","Michigan",2011,9689000,1449000,15
"978","Michigan",2012,9731000,1331000,13.7
"979","Michigan",2013,9955000,1352500,13.6
"980","Michigan",2014,9893000,1462000,14.8
"981","Michigan",2015,9852000,1259000,12.8
"982","Michigan",2016,9875000,1091000,11.1
"983","Michigan",2017,9892000,1197000,12.1
"984","Michigan",2018,9913000,1036000,10.5
"985","Michigan",2019,9901000,1007000,10.2
"986","Michigan",2020,9891000,1112000,11.2
"987","Michigan",2021,9842000,1147000,11.7
"988","Michigan",2022,9961000,1206000,12.1
"989","Michigan",2023,9936000,1199000,12.1
"990","Michigan",2024,10010000,1143000,11.4
"991","Minnesota",1980,3920000,342000,8.7
"992","Minnesota",1981,4034000,438000,10.9
"993","Minnesota",1982,4120000,546000,13.3
"994","Minnesota",1983,4138000,502000,12.1
"995","Minnesota",1984,4164000,381000,9.1
"996","Minnesota",1985,4146000,523000,12.6
"997","Minnesota",1986,4131000,517000,12.5
"998","Minnesota",1987,4294000,484000,11.3
"999","Minnesota",1988,4421000,514000,11.6
"1000","Minnesota",1989,4268000,478000,11.2
"1001","Minnesota",1990,4366000,524000,12
"1002","Minnesota",1991,4384000,564000,12.9
"1003","Minnesota",1992,4318000,561000,13
"1004","Minnesota",1993,4354000,506000,11.6
"1005","Minnesota",1994,4486000,523000,11.7
"1006","Minnesota",1995,4628000,427000,9.2
"1007","Minnesota",1996,4690000,458000,9.8
"1008","Minnesota",1997,4748000,457000,9.6
"1009","Minnesota",1998,4815000,498000,10.3
"1010","Minnesota",1999,4868000,354000,7.3
"1011","Minnesota",2000,4890000,276000,5.7
"1012","Minnesota",2001,4910000,361000,7.4
"1013","Minnesota",2002,5044000,325000,6.5
"1014","Minnesota",2003,5075000,376000,7.4
"1015","Minnesota",2004,5120000,356000,7
"1016","Minnesota",2005,5113000,412000,8.1
"1017","Minnesota",2006,5145000,422000,8.2
"1018","Minnesota",2007,5188000,482000,9.3
"1019","Minnesota",2008,5120000,506000,9.9
"1020","Minnesota",2009,5200000,576000,11.1
"1021","Minnesota",2010,5217000,563000,10.8
"1022","Minnesota",2011,5276000,528000,10
"1023","Minnesota",2012,5353000,534000,10
"1024","Minnesota",2013,5373500,619000,11.5
"1025","Minnesota",2014,5417000,447000,8.3
"1026","Minnesota",2015,5458000,428000,7.8
"1027","Minnesota",2016,5430000,470000,8.7
"1028","Minnesota",2017,5619000,499000,8.85
"1029","Minnesota",2018,5746000,456000,7.9
"1030","Minnesota",2019,5681000,322000,5.7
"1031","Minnesota",2020,5602000,476000,8.5
"1032","Minnesota",2021,5532000,382000,6.9
"1033","Minnesota",2022,5626000,427000,7.6
"1034","Minnesota",2023,5779000,417000,7.2
"1035","Minnesota",2024,5802000,404000,7
"1036","Mississippi",1980,2429000,591000,24.3
"1037","Mississippi",1981,2408000,618000,25.7
"1038","Mississippi",1982,2454000,562000,22.9
"1039","Mississippi",1983,2481000,669000,27
"1040","Mississippi",1984,2504000,628000,25.1
"1041","Mississippi",1985,2564000,644000,25.1
"1042","Mississippi",1986,2610000,695000,26.6
"1043","Mississippi",1987,2553000,637000,25
"1044","Mississippi",1988,2588000,704000,27.2
"1045","Mississippi",1989,2574000,566000,22
"1046","Mississippi",1990,2663000,684000,25.7
"1047","Mississippi",1991,2681000,635000,23.7
"1048","Mississippi",1992,2725000,671000,24.6
"1049","Mississippi",1993,2584000,639000,24.7
"1050","Mississippi",1994,2587000,515000,19.9
"1051","Mississippi",1995,2685000,630000,23.5
"1052","Mississippi",1996,2797000,575000,20.6
"1053","Mississippi",1997,2731000,455000,16.7
"1054","Mississippi",1998,2758000,486000,17.6
"1055","Mississippi",1999,2755000,446000,16.2
"1056","Mississippi",2000,2794000,418000,14.9
"1057","Mississippi",2001,2794000,539000,19.3
"1058","Mississippi",2002,2785000,513000,18.4
"1059","Mississippi",2003,2851000,456000,16
"1060","Mississippi",2004,2862000,536000,18.7
"1061","Mississippi",2005,2843000,571000,20.1
"1062","Mississippi",2006,2887000,596000,20.6
"1063","Mississippi",2007,2895000,655000,22.6
"1064","Mississippi",2008,2900000,525000,18.1
"1065","Mississippi",2009,2847000,658000,23.1
"1066","Mississippi",2010,2920000,658000,22.5
"1067","Mississippi",2011,2932000,510000,17.4
"1068","Mississippi",2012,2893000,636000,22
"1069","Mississippi",2013,2906500,605500,20.8
"1070","Mississippi",2014,2961000,654000,22.1
"1071","Mississippi",2015,2947000,563000,19.1
"1072","Mississippi",2016,2943000,622000,21.1
"1073","Mississippi",2017,2947500,541000,18.4
"1074","Mississippi",2018,2899000,567000,19.6
"1075","Mississippi",2019,2911000,560000,19.2
"1076","Mississippi",2020,2937000,516000,17.6
"1077","Mississippi",2021,2913000,506000,17.4
"1078","Mississippi",2022,2881000,531000,18.4
"1079","Mississippi",2023,2896000,462000,16
"1080","Mississippi",2024,2917000,521000,17.9
"1081","Missouri",1980,4800000,625000,13
"1082","Missouri",1981,4814000,634000,13.2
"1083","Missouri",1982,4798000,699000,14.6
"1084","Missouri",1983,4837000,807000,16.7
"1085","Missouri",1984,4958000,720000,14.5
"1086","Missouri",1985,5011000,689000,13.7
"1087","Missouri",1986,4998000,722000,14.4
"1088","Missouri",1987,5100000,716000,14
"1089","Missouri",1988,5201000,662000,12.7
"1090","Missouri",1989,5193000,654000,12.6
"1091","Missouri",1990,5238000,7e+05,13.4
"1092","Missouri",1991,4993000,740000,14.8
"1093","Missouri",1992,5062000,795000,15.7
"1094","Missouri",1993,5185000,832000,16.1
"1095","Missouri",1994,5107000,797000,15.6
"1096","Missouri",1995,5140000,484000,9.4
"1097","Missouri",1996,5268000,5e+05,9.5
"1098","Missouri",1997,5315000,627000,11.8
"1099","Missouri",1998,5399000,531000,9.8
"1100","Missouri",1999,5511000,647000,11.7
"1101","Missouri",2000,5517000,505000,9.2
"1102","Missouri",2001,5513000,537000,9.7
"1103","Missouri",2002,5581000,551000,9.9
"1104","Missouri",2003,5606000,602000,10.7
"1105","Missouri",2004,5609000,686000,12.2
"1106","Missouri",2005,5697000,659000,11.6
"1107","Missouri",2006,5797000,659000,11.4
"1108","Missouri",2007,5783000,742000,12.8
"1109","Missouri",2008,5861000,780000,13.3
"1110","Missouri",2009,5963000,926000,15.5
"1111","Missouri",2010,5929000,890000,15
"1112","Missouri",2011,5892000,910000,15.4
"1113","Missouri",2012,5956000,905000,15.2
"1114","Missouri",2013,5976000,932500,15.6
"1115","Missouri",2014,5950000,620000,10.4
"1116","Missouri",2015,5946000,582000,9.8
"1117","Missouri",2016,5878000,762000,13
"1118","Missouri",2017,5983500,674500,11.25
"1119","Missouri",2018,6026000,745000,12.4
"1120","Missouri",2019,6063000,568000,9.4
"1121","Missouri",2020,6044000,647000,10.7
"1122","Missouri",2021,6046000,742000,12.3
"1123","Missouri",2022,6057000,693000,11.4
"1124","Missouri",2023,6070000,590000,9.7
"1125","Missouri",2024,6267000,592000,9.4
"1126","Montana",1980,774000,102000,13.2
"1127","Montana",1981,813000,107000,13.1
"1128","Montana",1982,793000,134000,17
"1129","Montana",1983,810000,125000,15.4
"1130","Montana",1984,836000,115000,13.8
"1131","Montana",1985,835000,134000,16
"1132","Montana",1986,823000,136000,16.5
"1133","Montana",1987,798000,144000,18
"1134","Montana",1988,795000,116000,14.6
"1135","Montana",1989,816000,127000,15.6
"1136","Montana",1990,820000,134000,16.3
"1137","Montana",1991,822000,127000,15.4
"1138","Montana",1992,855000,118000,13.8
"1139","Montana",1993,850000,127000,14.9
"1140","Montana",1994,844000,97000,11.5
"1141","Montana",1995,870000,133000,15.3
"1142","Montana",1996,908000,155000,17
"1143","Montana",1997,892000,139000,15.6
"1144","Montana",1998,922000,153000,16.6
"1145","Montana",1999,891000,141000,15.8
"1146","Montana",2000,888000,126000,14.1
"1147","Montana",2001,891000,119000,13.3
"1148","Montana",2002,902000,122000,13.5
"1149","Montana",2003,915000,139000,15.1
"1150","Montana",2004,908000,129000,14.2
"1151","Montana",2005,926000,128000,13.8
"1152","Montana",2006,930000,125000,13.5
"1153","Montana",2007,938000,122000,13
"1154","Montana",2008,973000,125000,12.9
"1155","Montana",2009,971000,131000,13.5
"1156","Montana",2010,979000,142000,14.5
"1157","Montana",2011,986000,163000,16.5
"1158","Montana",2012,999000,134000,13.4
"1159","Montana",2013,989000,124000,12.5
"1160","Montana",2014,1008000,121000,12
"1161","Montana",2015,1018000,121000,11.9
"1162","Montana",2016,1031000,121000,11.7
"1163","Montana",2017,1040000,104000,10
"1164","Montana",2018,1041000,107000,10.3
"1165","Montana",2019,1053000,102000,9.7
"1166","Montana",2020,1080000,118000,10.9
"1167","Montana",2021,1114000,120000,10.7
"1168","Montana",2022,1119000,117000,10.4
"1169","Montana",2023,1132000,92000,8.1
"1170","Montana",2024,1140000,87000,7.7
"1171","Nebraska",1980,1532000,199000,13
"1172","Nebraska",1981,1579000,221000,14
"1173","Nebraska",1982,1582000,216000,13.6
"1174","Nebraska",1983,1577000,240000,15.2
"1175","Nebraska",1984,1608000,213000,13.3
"1176","Nebraska",1985,1589000,235000,14.8
"1177","Nebraska",1986,1617000,220000,13.6
"1178","Nebraska",1987,1610000,191000,11.9
"1179","Nebraska",1988,1600000,164000,10.3
"1180","Nebraska",1989,1602000,204000,12.8
"1181","Nebraska",1990,1617000,167000,10.3
"1182","Nebraska",1991,1661000,157000,9.5
"1183","Nebraska",1992,1606000,169000,10.6
"1184","Nebraska",1993,1641000,169000,10.3
"1185","Nebraska",1994,1648000,146000,8.8
"1186","Nebraska",1995,1648000,159000,9.6
"1187","Nebraska",1996,1666000,169000,10.2
"1188","Nebraska",1997,1658000,163000,9.8
"1189","Nebraska",1998,1713000,211000,12.3
"1190","Nebraska",1999,1683000,184000,11
"1191","Nebraska",2000,1679000,145000,8.6
"1192","Nebraska",2001,1680000,158000,9.4
"1193","Nebraska",2002,1700000,181000,10.6
"1194","Nebraska",2003,1725000,168000,9.8
"1195","Nebraska",2004,1724000,163000,9.5
"1196","Nebraska",2005,1760000,167000,9.5
"1197","Nebraska",2006,1765000,180000,10.2
"1198","Nebraska",2007,1751000,174000,9.9
"1199","Nebraska",2008,1774000,188000,10.6
"1200","Nebraska",2009,1778000,176000,9.9
"1201","Nebraska",2010,1804000,184000,10.2
"1202","Nebraska",2011,1823000,187000,10.2
"1203","Nebraska",2012,1849000,226000,12.2
"1204","Nebraska",2013,1853000,199000,10.75
"1205","Nebraska",2014,1873000,221000,11.8
"1206","Nebraska",2015,1858000,192000,10.3
"1207","Nebraska",2016,1870000,179000,9.6
"1208","Nebraska",2017,1876500,205000,10.95
"1209","Nebraska",2018,1893000,199000,10.5
"1210","Nebraska",2019,1885000,165000,8.7
"1211","Nebraska",2020,1953000,162000,8.3
"1212","Nebraska",2021,1970000,159000,8.1
"1213","Nebraska",2022,1946000,154000,7.9
"1214","Nebraska",2023,1966000,181000,9.2
"1215","Nebraska",2024,1994000,135000,6.8
"1216","Nevada",1980,840000,70000,8.3
"1217","Nevada",1981,884000,93000,10.5
"1218","Nevada",1982,897000,70000,7.8
"1219","Nevada",1983,885000,86000,9.7
"1220","Nevada",1984,962000,101000,10.5
"1221","Nevada",1985,968000,139000,14.4
"1222","Nevada",1986,1010000,82000,8.1
"1223","Nevada",1987,1026000,107000,10.4
"1224","Nevada",1988,1084000,93000,8.6
"1225","Nevada",1989,1127000,121000,10.8
"1226","Nevada",1990,1218000,119000,9.8
"1227","Nevada",1991,1237000,141000,11.4
"1228","Nevada",1992,1353000,199000,14.7
"1229","Nevada",1993,1444000,141000,9.8
"1230","Nevada",1994,1521000,168000,11.1
"1231","Nevada",1995,1558000,173000,11.1
"1232","Nevada",1996,1634000,133000,8.1
"1233","Nevada",1997,1723000,190000,11
"1234","Nevada",1998,1845000,195000,10.6
"1235","Nevada",1999,2033000,229000,11.3
"1236","Nevada",2000,2045000,180000,8.8
"1237","Nevada",2001,2129000,152000,7.1
"1238","Nevada",2002,2114000,188000,8.9
"1239","Nevada",2003,2242000,244000,10.9
"1240","Nevada",2004,2385000,260000,10.9
"1241","Nevada",2005,2447000,260000,10.6
"1242","Nevada",2006,2530000,241000,9.5
"1243","Nevada",2007,2566000,250000,9.7
"1244","Nevada",2008,2581000,278000,10.8
"1245","Nevada",2009,2629000,343000,13
"1246","Nevada",2010,2696000,446000,16.6
"1247","Nevada",2011,2682000,414000,15.5
"1248","Nevada",2012,2735000,433000,15.8
"1249","Nevada",2013,2767000,440500,15.95
"1250","Nevada",2014,2819000,478000,17
"1251","Nevada",2015,2864000,371000,13
"1252","Nevada",2016,2941000,298000,10.1
"1253","Nevada",2017,2980500,400500,13.45
"1254","Nevada",2018,3008000,390000,13
"1255","Nevada",2019,3105000,323000,10.4
"1256","Nevada",2020,3123000,404000,12.9
"1257","Nevada",2021,3089000,397000,12.8
"1258","Nevada",2022,3170000,380000,12
"1259","Nevada",2023,3234000,449000,13.9
"1260","Nevada",2024,3296000,396000,12
"1261","New Hampshire",1980,907000,63000,7
"1262","New Hampshire",1981,929000,70000,7.6
"1263","New Hampshire",1982,943000,97000,10.3
"1264","New Hampshire",1983,938000,76000,8.1
"1265","New Hampshire",1984,958000,68000,7.1
"1266","New Hampshire",1985,988000,59000,6
"1267","New Hampshire",1986,1002000,37000,3.7
"1268","New Hampshire",1987,1054000,51000,4.8
"1269","New Hampshire",1988,1089000,73000,6.7
"1270","New Hampshire",1989,1100000,84000,7.7
"1271","New Hampshire",1990,1085000,68000,6.3
"1272","New Hampshire",1991,1107000,81000,7.3
"1273","New Hampshire",1992,1114000,97000,8.7
"1274","New Hampshire",1993,1131000,112000,9.9
"1275","New Hampshire",1994,1131000,87000,7.7
"1276","New Hampshire",1995,1139000,60000,5.3
"1277","New Hampshire",1996,1142000,73000,6.4
"1278","New Hampshire",1997,1197000,109000,9.1
"1279","New Hampshire",1998,1216000,119000,9.8
"1280","New Hampshire",1999,1255000,96000,7.6
"1281","New Hampshire",2000,1231000,56000,4.5
"1282","New Hampshire",2001,1254000,81000,6.5
"1283","New Hampshire",2002,1264000,73000,5.8
"1284","New Hampshire",2003,1263000,73000,5.8
"1285","New Hampshire",2004,1291000,71000,5.5
"1286","New Hampshire",2005,1298000,73000,5.6
"1287","New Hampshire",2006,1308000,71000,5.4
"1288","New Hampshire",2007,1312000,76000,5.8
"1289","New Hampshire",2008,1300000,91000,7
"1290","New Hampshire",2009,1313000,103000,7.8
"1291","New Hampshire",2010,1294000,84000,6.5
"1292","New Hampshire",2011,1300000,99000,7.6
"1293","New Hampshire",2012,1308000,106000,8.1
"1294","New Hampshire",2013,1309000,95000,7.25
"1295","New Hampshire",2014,1318000,95000,7.2
"1296","New Hampshire",2015,1293000,94000,7.3
"1297","New Hampshire",2016,1316000,84000,6.4
"1298","New Hampshire",2017,1333500,91500,6.9
"1299","New Hampshire",2018,1349000,82000,6.1
"1300","New Hampshire",2019,1351000,49000,3.7
"1301","New Hampshire",2020,1387000,87000,6.2
"1302","New Hampshire",2021,1390000,96000,6.9
"1303","New Hampshire",2022,1385000,115000,8.3
"1304","New Hampshire",2023,1365000,83000,6.1
"1305","New Hampshire",2024,1381000,82000,5.9
"1306","New Jersey",1980,7316000,659000,9
"1307","New Jersey",1981,7331000,736000,10
"1308","New Jersey",1982,7367000,896000,12.2
"1309","New Jersey",1983,7451000,828000,11.1
"1310","New Jersey",1984,7511000,758000,10.1
"1311","New Jersey",1985,7608000,631000,8.3
"1312","New Jersey",1986,7624000,679000,8.9
"1313","New Jersey",1987,7503000,626000,8.3
"1314","New Jersey",1988,7628000,475000,6.2
"1315","New Jersey",1989,7623000,622000,8.2
"1316","New Jersey",1990,7741000,711000,9.2
"1317","New Jersey",1991,7736000,754000,9.7
"1318","New Jersey",1992,7803000,803000,10.3
"1319","New Jersey",1993,7968000,866000,10.9
"1320","New Jersey",1994,7920000,730000,9.2
"1321","New Jersey",1995,7879000,617000,7.8
"1322","New Jersey",1996,7858000,726000,9.2
"1323","New Jersey",1997,7967000,737000,9.3
"1324","New Jersey",1998,8072000,693000,8.6
"1325","New Jersey",1999,8232000,646000,7.8
"1326","New Jersey",2000,8384000,612000,7.3
"1327","New Jersey",2001,8456000,683000,8.1
"1328","New Jersey",2002,8585000,681000,7.9
"1329","New Jersey",2003,8574000,741000,8.6
"1330","New Jersey",2004,8652000,693000,8
"1331","New Jersey",2005,8692000,592000,6.8
"1332","New Jersey",2006,8650000,762000,8.8
"1333","New Jersey",2007,8548000,742000,8.7
"1334","New Jersey",2008,8515000,787000,9.2
"1335","New Jersey",2009,8660000,806000,9.3
"1336","New Jersey",2010,8733000,966000,11.1
"1337","New Jersey",2011,8642000,988000,11.4
"1338","New Jersey",2012,8720000,814000,9.3
"1339","New Jersey",2013,8785000,922500,10.5
"1340","New Jersey",2014,8938000,1013000,11.3
"1341","New Jersey",2015,8936000,1004000,11.2
"1342","New Jersey",2016,8836000,828000,9.4
"1343","New Jersey",2017,9011000,834000,9.25
"1344","New Jersey",2018,8790000,725000,8.2
"1345","New Jersey",2019,8738000,554000,6.3
"1346","New Jersey",2020,9119000,744000,8.2
"1347","New Jersey",2021,9220000,698000,7.6
"1348","New Jersey",2022,9151000,799000,8.7
"1349","New Jersey",2023,9240000,827000,9
"1350","New Jersey",2024,9350000,903000,9.7
"1351","New Mexico",1980,1304000,268000,20.6
"1352","New Mexico",1981,1303000,243000,18.6
"1353","New Mexico",1982,1355000,303000,22.4
"1354","New Mexico",1983,1385000,340000,24.5
"1355","New Mexico",1984,1437000,280000,19.5
"1356","New Mexico",1985,1447000,267000,18.5
"1357","New Mexico",1986,1434000,306000,21.3
"1358","New Mexico",1987,1443000,280000,19.4
"1359","New Mexico",1988,1495000,343000,23
"1360","New Mexico",1989,1519000,297000,19.5
"1361","New Mexico",1990,1524000,319000,20.9
"1362","New Mexico",1991,1554000,349000,22.4
"1363","New Mexico",1992,1611000,348000,21.6
"1364","New Mexico",1993,1623000,282000,17.4
"1365","New Mexico",1994,1685000,356000,21.1
"1366","New Mexico",1995,1806000,457000,25.3
"1367","New Mexico",1996,1847000,472000,25.5
"1368","New Mexico",1997,1823000,387000,21.2
"1369","New Mexico",1998,1823000,371000,20.4
"1370","New Mexico",1999,1831000,383000,20.9
"1371","New Mexico",2000,1790000,312000,17.5
"1372","New Mexico",2001,1795000,323000,18
"1373","New Mexico",2002,1837000,328000,17.9
"1374","New Mexico",2003,1867000,338000,18.1
"1375","New Mexico",2004,1899000,314000,16.5
"1376","New Mexico",2005,1938000,347000,17.9
"1377","New Mexico",2006,1939000,328000,16.9
"1378","New Mexico",2007,1941000,271000,14
"1379","New Mexico",2008,1977000,381000,19.3
"1380","New Mexico",2009,1971000,381000,19.3
"1381","New Mexico",2010,2033000,372000,18.3
"1382","New Mexico",2011,2037000,451000,22.2
"1383","New Mexico",2012,2064000,420000,20.4
"1384","New Mexico",2013,2089000,494500,23.75
"1385","New Mexico",2014,2030000,406000,20
"1386","New Mexico",2015,2036000,4e+05,19.7
"1387","New Mexico",2016,2043000,364000,17.8
"1388","New Mexico",2017,2037500,391000,19.15
"1389","New Mexico",2018,2054000,342000,16.6
"1390","New Mexico",2019,2058000,315000,15.3
"1391","New Mexico",2020,2064000,343000,16.6
"1392","New Mexico",2021,2097000,377000,18
"1393","New Mexico",2022,2113000,427000,20.2
"1394","New Mexico",2023,2082000,361000,17.3
"1395","New Mexico",2024,2120000,301000,14.2
"1396","New York",1980,17320000,2391000,13.8
"1397","New York",1981,17470000,2516000,14.4
"1398","New York",1982,17660000,2607000,14.8
"1399","New York",1983,17580000,2817000,16
"1400","New York",1984,17560000,2806000,16
"1401","New York",1985,17670000,2796000,15.8
"1402","New York",1986,17590000,2322000,13.2
"1403","New York",1987,17470000,2506000,14.3
"1404","New York",1988,17640000,2369000,13.4
"1405","New York",1989,17940000,2254000,12.6
"1406","New York",1990,18040000,2571000,14.3
"1407","New York",1991,17910000,2736000,15.3
"1408","New York",1992,17980000,2820000,15.7
"1409","New York",1993,18220000,2981000,16.4
"1410","New York",1994,18210000,3097000,17
"1411","New York",1995,18260000,3020000,16.5
"1412","New York",1996,18350000,3058000,16.7
"1413","New York",1997,18100000,2979000,16.5
"1414","New York",1998,18370000,3068000,16.7
"1415","New York",1999,18860000,2676000,14.2
"1416","New York",2000,18750000,2604000,13.9
"1417","New York",2001,18780000,2664000,14.2
"1418","New York",2002,19220000,2690000,14
"1419","New York",2003,18920000,2707000,14.3
"1420","New York",2004,19010000,2847000,15
"1421","New York",2005,1.9e+07,2760000,14.5
"1422","New York",2006,19020000,2668000,14
"1423","New York",2007,19020000,2757000,14.5
"1424","New York",2008,19310000,2734000,14.2
"1425","New York",2009,19160000,3018000,15.8
"1426","New York",2010,19120000,3062000,16
"1427","New York",2011,19330000,3085000,16
"1428","New York",2012,19300000,3328000,17.2
"1429","New York",2013,19415000,3081000,15.9
"1430","New York",2014,19660000,2755000,14
"1431","New York",2015,19650000,2791000,14.2
"1432","New York",2016,19460000,2314000,11.9
"1433","New York",2017,19735000,2575500,13.05
"1434","New York",2018,19340000,2145000,11.1
"1435","New York",2019,19070000,2382000,12.5
"1436","New York",2020,19580000,2313000,11.8
"1437","New York",2021,19350000,2428000,12.5
"1438","New York",2022,19490000,2480000,12.7
"1439","New York",2023,19240000,2122000,11
"1440","New York",2024,19560000,2159000,11
"1441","North Carolina",1980,5836000,877000,15
"1442","North Carolina",1981,5820000,1016000,17.5
"1443","North Carolina",1982,5928000,1201000,20.3
"1444","North Carolina",1983,5890000,933000,15.8
"1445","North Carolina",1984,5900000,860000,14.6
"1446","North Carolina",1985,6073000,863000,14.2
"1447","North Carolina",1986,6178000,884000,14.3
"1448","North Carolina",1987,6183000,853000,13.8
"1449","North Carolina",1988,6312000,796000,12.6
"1450","North Carolina",1989,6301000,770000,12.2
"1451","North Carolina",1990,6377000,829000,13
"1452","North Carolina",1991,6641000,964000,14.5
"1453","North Carolina",1992,6813000,1080000,15.8
"1454","North Carolina",1993,6732000,966000,14.4
"1455","North Carolina",1994,6895000,980000,14.2
"1456","North Carolina",1995,6935000,877000,12.6
"1457","North Carolina",1996,7254000,885000,12.2
"1458","North Carolina",1997,7345000,839000,11.4
"1459","North Carolina",1998,7412000,1039000,14
"1460","North Carolina",1999,7766000,1069000,13.8
"1461","North Carolina",2000,7983000,1e+06,12.5
"1462","North Carolina",2001,8084000,1013000,12.5
"1463","North Carolina",2002,8146000,1165000,14.3
"1464","North Carolina",2003,8223000,1289000,15.7
"1465","North Carolina",2004,8421000,1229000,14.6
"1466","North Carolina",2005,8538000,1115000,13.1
"1467","North Carolina",2006,8847000,1225000,13.8
"1468","North Carolina",2007,9170000,1423000,15.5
"1469","North Carolina",2008,9234000,1285000,13.9
"1470","North Carolina",2009,9336000,1576000,16.9
"1471","North Carolina",2010,9359000,1633000,17.4
"1472","North Carolina",2011,9504000,1459000,15.4
"1473","North Carolina",2012,9634000,1652000,17.2
"1474","North Carolina",2013,9645500,1606000,16.65
"1475","North Carolina",2014,9823000,1678000,17.1
"1476","North Carolina",2015,9887000,1509000,15.3
"1477","North Carolina",2016,10060000,1363000,13.6
"1478","North Carolina",2017,10295000,1530500,14.85
"1479","North Carolina",2018,10370000,1355000,13.1
"1480","North Carolina",2019,10470000,1324000,12.7
"1481","North Carolina",2020,10410000,1441000,13.8
"1482","North Carolina",2021,10600000,1249000,11.8
"1483","North Carolina",2022,10740000,1525000,14.2
"1484","North Carolina",2023,10810000,1470000,13.6
"1485","North Carolina",2024,10860000,1537000,14.2
"1486","North Dakota",1980,640000,99000,15.5
"1487","North Dakota",1981,626000,89000,14.2
"1488","North Dakota",1982,658000,85000,12.9
"1489","North Dakota",1983,685000,103000,15
"1490","North Dakota",1984,683000,106000,15.4
"1491","North Dakota",1985,681000,108000,15.9
"1492","North Dakota",1986,651000,88000,13.5
"1493","North Dakota",1987,655000,75000,11.4
"1494","North Dakota",1988,654000,76000,11.6
"1495","North Dakota",1989,642000,79000,12.2
"1496","North Dakota",1990,635000,87000,13.7
"1497","North Dakota",1991,635000,92000,14.5
"1498","North Dakota",1992,616000,74000,12.1
"1499","North Dakota",1993,625000,70000,11.2
"1500","North Dakota",1994,627000,65000,10.4
"1501","North Dakota",1995,635000,76000,12
"1502","North Dakota",1996,628000,69000,11
"1503","North Dakota",1997,638000,87000,13.6
"1504","North Dakota",1998,644000,97000,15.1
"1505","North Dakota",1999,621000,81000,13.1
"1506","North Dakota",2000,622000,65000,10.4
"1507","North Dakota",2001,620000,86000,13.8
"1508","North Dakota",2002,632000,73000,11.6
"1509","North Dakota",2003,631000,61000,9.7
"1510","North Dakota",2004,627000,61000,9.7
"1511","North Dakota",2005,625000,70000,11.2
"1512","North Dakota",2006,615000,70000,11.4
"1513","North Dakota",2007,614000,57000,9.3
"1514","North Dakota",2008,625000,74000,11.8
"1515","North Dakota",2009,632000,69000,10.9
"1516","North Dakota",2010,653000,82000,12.6
"1517","North Dakota",2011,675000,67000,9.9
"1518","North Dakota",2012,692000,79000,11.4
"1519","North Dakota",2013,713500,82500,11.55
"1520","North Dakota",2014,731000,71000,9.7
"1521","North Dakota",2015,763000,82000,10.7
"1522","North Dakota",2016,749000,83000,11.1
"1523","North Dakota",2017,741000,88000,11.85
"1524","North Dakota",2018,745000,72000,9.7
"1525","North Dakota",2019,749000,61000,8.1
"1526","North Dakota",2020,761000,81000,10.7
"1527","North Dakota",2021,760000,65000,8.5
"1528","North Dakota",2022,764000,74000,9.7
"1529","North Dakota",2023,782000,77000,9.9
"1530","North Dakota",2024,773000,65000,8.4
"1531","Ohio",1980,10630000,1046000,9.8
"1532","Ohio",1981,10750000,1369000,12.7
"1533","Ohio",1982,10710000,1366000,12.8
"1534","Ohio",1983,10680000,1434000,13.4
"1535","Ohio",1984,10620000,1429000,13.5
"1536","Ohio",1985,10630000,1359000,12.8
"1537","Ohio",1986,10700000,1372000,12.8
"1538","Ohio",1987,10800000,1375000,12.7
"1539","Ohio",1988,10900000,1356000,12.4
"1540","Ohio",1989,10750000,1143000,10.6
"1541","Ohio",1990,10890000,1256000,11.5
"1542","Ohio",1991,11060000,1488000,13.4
"1543","Ohio",1992,11180000,1398000,12.5
"1544","Ohio",1993,11260000,1461000,13
"1545","Ohio",1994,11140000,1571000,14.1
"1546","Ohio",1995,11210000,1285000,11.5
"1547","Ohio",1996,11250000,1424000,12.7
"1548","Ohio",1997,11210000,1231000,11
"1549","Ohio",1998,11200000,1253000,11.2
"1550","Ohio",1999,11220000,1343000,12
"1551","Ohio",2000,11160000,1117000,10
"1552","Ohio",2001,11180000,1174000,10.5
"1553","Ohio",2002,11250000,1099000,9.8
"1554","Ohio",2003,11230000,1226000,10.9
"1555","Ohio",2004,11260000,1304000,11.6
"1556","Ohio",2005,11310000,1392000,12.3
"1557","Ohio",2006,11300000,1371000,12.1
"1558","Ohio",2007,11280000,1446000,12.8
"1559","Ohio",2008,11390000,1557000,13.7
"1560","Ohio",2009,11440000,1526000,13.3
"1561","Ohio",2010,11340000,1746000,15.4
"1562","Ohio",2011,11310000,1708000,15.1
"1563","Ohio",2012,11400000,1751000,15.4
"1564","Ohio",2013,11375000,1627500,14.3
"1565","Ohio",2014,11510000,1792000,15.6
"1566","Ohio",2015,11440000,1550000,13.6
"1567","Ohio",2016,11440000,1573000,13.7
"1568","Ohio",2017,11495000,1468500,12.8
"1569","Ohio",2018,11450000,1365000,11.9
"1570","Ohio",2019,11510000,1424000,12.4
"1571","Ohio",2020,11700000,1487000,12.7
"1572","Ohio",2021,11740000,1364000,11.6
"1573","Ohio",2022,11620000,1154000,9.9
"1574","Ohio",2023,11570000,1289000,11.1
"1575","Ohio",2024,11630000,1211000,10.4
"1576","Oklahoma",1980,2916000,406000,13.9
"1577","Oklahoma",1981,2985000,413000,13.8
"1578","Oklahoma",1982,3111000,478000,15.4
"1579","Oklahoma",1983,3259000,553000,17
"1580","Oklahoma",1984,3200000,426000,13.3
"1581","Oklahoma",1985,3280000,526000,16
"1582","Oklahoma",1986,3184000,469000,14.7
"1583","Oklahoma",1987,3209000,547000,17
"1584","Oklahoma",1988,3146000,543000,17.3
"1585","Oklahoma",1989,3126000,460000,14.7
"1586","Oklahoma",1990,3091000,481000,15.6
"1587","Oklahoma",1991,3173000,541000,17
"1588","Oklahoma",1992,3269000,607000,18.6
"1589","Oklahoma",1993,3326000,662000,19.9
"1590","Oklahoma",1994,3232000,540000,16.7
"1591","Oklahoma",1995,3204000,548000,17.1
"1592","Oklahoma",1996,3344000,556000,16.6
"1593","Oklahoma",1997,3321000,456000,13.7
"1594","Oklahoma",1998,3251000,458000,14.1
"1595","Oklahoma",1999,3300000,424000,12.8
"1596","Oklahoma",2000,3378000,503000,14.9
"1597","Oklahoma",2001,3372000,508000,15.1
"1598","Oklahoma",2002,3473000,489000,14.1
"1599","Oklahoma",2003,3430000,440000,12.8
"1600","Oklahoma",2004,3444000,373000,10.8
"1601","Oklahoma",2005,3486000,543000,15.6
"1602","Oklahoma",2006,3489000,531000,15.2
"1603","Oklahoma",2007,3551000,476000,13.4
"1604","Oklahoma",2008,3550000,484000,13.6
"1605","Oklahoma",2009,3632000,468000,12.9
"1606","Oklahoma",2010,3697000,603000,16.3
"1607","Oklahoma",2011,3763000,522000,13.9
"1608","Oklahoma",2012,3700000,668000,18
"1609","Oklahoma",2013,3702500,651500,17.6
"1610","Oklahoma",2014,3728000,647000,17.3
"1611","Oklahoma",2015,3887000,551000,14.2
"1612","Oklahoma",2016,3911000,571000,14.6
"1613","Oklahoma",2017,3817000,486000,12.7
"1614","Oklahoma",2018,3858000,518000,13.4
"1615","Oklahoma",2019,3899000,422000,10.8
"1616","Oklahoma",2020,3885000,604000,15.5
"1617","Oklahoma",2021,3904000,589000,15.1
"1618","Oklahoma",2022,3948000,665000,16.9
"1619","Oklahoma",2023,3942000,508000,12.9
"1620","Oklahoma",2024,3962000,456000,11.5
"1621","Oregon",1980,2684000,309000,11.5
"1622","Oregon",1981,2693000,331000,12.3
"1623","Oregon",1982,2557000,354000,13.9
"1624","Oregon",1983,2597000,419000,16.1
"1625","Oregon",1984,2593000,331000,12.8
"1626","Oregon",1985,2671000,317000,11.9
"1627","Oregon",1986,2702000,332000,12.3
"1628","Oregon",1987,2709000,384000,14.2
"1629","Oregon",1988,2727000,285000,10.4
"1630","Oregon",1989,2915000,327000,11.2
"1631","Oregon",1990,2891000,267000,9.2
"1632","Oregon",1991,2967000,401000,13.5
"1633","Oregon",1992,3039000,346000,11.4
"1634","Oregon",1993,3077000,363000,11.8
"1635","Oregon",1994,3152000,373000,11.8
"1636","Oregon",1995,3208000,360000,11.2
"1637","Oregon",1996,3234000,382000,11.8
"1638","Oregon",1997,3284000,382000,11.6
"1639","Oregon",1998,3352000,503000,15
"1640","Oregon",1999,3421000,432000,12.6
"1641","Oregon",2000,3415000,371000,10.9
"1642","Oregon",2001,3446000,408000,11.8
"1643","Oregon",2002,3503000,380000,10.9
"1644","Oregon",2003,3560000,446000,12.5
"1645","Oregon",2004,3572000,421000,11.8
"1646","Oregon",2005,3619000,436000,12
"1647","Oregon",2006,3705000,439000,11.8
"1648","Oregon",2007,3761000,481000,12.8
"1649","Oregon",2008,3806000,403000,10.6
"1650","Oregon",2009,3821000,510000,13.4
"1651","Oregon",2010,3752000,537000,14.3
"1652","Oregon",2011,3850000,553000,14.4
"1653","Oregon",2012,3872000,523000,13.5
"1654","Oregon",2013,3951500,574500,14.55
"1655","Oregon",2014,3955000,570000,14.4
"1656","Oregon",2015,4029000,478000,11.9
"1657","Oregon",2016,4124000,486000,11.8
"1658","Oregon",2017,4200500,456000,10.85
"1659","Oregon",2018,4172000,404000,9.7
"1660","Oregon",2019,4135000,336000,8.1
"1661","Oregon",2020,4114000,387000,9.4
"1662","Oregon",2021,4220000,389000,9.2
"1663","Oregon",2022,4230000,419000,9.9
"1664","Oregon",2023,4233000,435000,10.3
"1665","Oregon",2024,4229000,371000,8.8
"1666","Pennsylvania",1980,11670000,1142000,9.8
"1667","Pennsylvania",1981,11740000,1367000,11.6
"1668","Pennsylvania",1982,11620000,1572000,13.5
"1669","Pennsylvania",1983,11640000,1797000,15.4
"1670","Pennsylvania",1984,11720000,1825000,15.6
"1671","Pennsylvania",1985,11550000,1217000,10.5
"1672","Pennsylvania",1986,11780000,1190000,10.1
"1673","Pennsylvania",1987,11770000,1249000,10.6
"1674","Pennsylvania",1988,12120000,1246000,10.3
"1675","Pennsylvania",1989,12140000,1261000,10.4
"1676","Pennsylvania",1990,12100000,1328000,11
"1677","Pennsylvania",1991,12150000,1340000,11
"1678","Pennsylvania",1992,12020000,1425000,11.9
"1679","Pennsylvania",1993,12070000,1598000,13.2
"1680","Pennsylvania",1994,11970000,1496000,12.5
"1681","Pennsylvania",1995,12030000,1464000,12.2
"1682","Pennsylvania",1996,11890000,1374000,11.6
"1683","Pennsylvania",1997,11900000,1337000,11.2
"1684","Pennsylvania",1998,11890000,1338000,11.3
"1685","Pennsylvania",1999,11950000,1117000,9.3
"1686","Pennsylvania",2000,12040000,1033000,8.6
"1687","Pennsylvania",2001,12090000,1158000,9.6
"1688","Pennsylvania",2002,12170000,1152000,9.5
"1689","Pennsylvania",2003,12140000,1279000,10.5
"1690","Pennsylvania",2004,12140000,1383000,11.4
"1691","Pennsylvania",2005,12240000,1372000,11.2
"1692","Pennsylvania",2006,12330000,1397000,11.3
"1693","Pennsylvania",2007,12300000,1273000,10.4
"1694","Pennsylvania",2008,12180000,1335000,11
"1695","Pennsylvania",2009,12400000,1376000,11.1
"1696","Pennsylvania",2010,12530000,1535000,12.2
"1697","Pennsylvania",2011,12700000,1604000,12.6
"1698","Pennsylvania",2012,12660000,1756000,13.9
"1699","Pennsylvania",2013,12770000,1504000,11.8
"1700","Pennsylvania",2014,12620000,1581000,12.5
"1701","Pennsylvania",2015,12560000,1542000,12.3
"1702","Pennsylvania",2016,12530000,1396000,11.1
"1703","Pennsylvania",2017,12570000,1392000,11.05
"1704","Pennsylvania",2018,12520000,1476000,11.8
"1705","Pennsylvania",2019,12550000,1092000,8.7
"1706","Pennsylvania",2020,12690000,1352000,10.7
"1707","Pennsylvania",2021,12640000,1362000,10.8
"1708","Pennsylvania",2022,12740000,1383000,10.9
"1709","Pennsylvania",2023,12630000,1301000,10.3
"1710","Pennsylvania",2024,12850000,1223000,9.5
"1711","Rhode Island",1980,911000,97000,10.7
"1712","Rhode Island",1981,936000,109000,11.7
"1713","Rhode Island",1982,942000,125000,13.3
"1714","Rhode Island",1983,971000,141000,14.5
"1715","Rhode Island",1984,946000,121000,12.8
"1716","Rhode Island",1985,933000,84000,9
"1717","Rhode Island",1986,953000,87000,9.1
"1718","Rhode Island",1987,974000,79000,8.1
"1719","Rhode Island",1988,1008000,99000,9.8
"1720","Rhode Island",1989,963000,64000,6.7
"1721","Rhode Island",1990,946000,71000,7.5
"1722","Rhode Island",1991,949000,99000,10.4
"1723","Rhode Island",1992,960000,119000,12.4
"1724","Rhode Island",1993,969000,108000,11.2
"1725","Rhode Island",1994,968000,99000,10.3
"1726","Rhode Island",1995,962000,102000,10.6
"1727","Rhode Island",1996,940000,104000,11
"1728","Rhode Island",1997,943000,120000,12.7
"1729","Rhode Island",1998,965000,112000,11.6
"1730","Rhode Island",1999,1033000,103000,10
"1731","Rhode Island",2000,1035000,106000,10.2
"1732","Rhode Island",2001,1043000,1e+05,9.6
"1733","Rhode Island",2002,1055000,116000,11
"1734","Rhode Island",2003,1051000,121000,11.5
"1735","Rhode Island",2004,1055000,122000,11.5
"1736","Rhode Island",2005,1052000,127000,12.1
"1737","Rhode Island",2006,1054000,110000,10.5
"1738","Rhode Island",2007,1042000,99000,9.5
"1739","Rhode Island",2008,1042000,132000,12.7
"1740","Rhode Island",2009,1030000,134000,13
"1741","Rhode Island",2010,1042000,146000,14
"1742","Rhode Island",2011,1038000,139000,13.4
"1743","Rhode Island",2012,1034000,141000,13.6
"1744","Rhode Island",2013,1040000,119000,11.4
"1745","Rhode Island",2014,1046000,119000,11.3
"1746","Rhode Island",2015,1044000,123000,11.8
"1747","Rhode Island",2016,1052000,119000,11.4
"1748","Rhode Island",2017,1045500,122500,11.75
"1749","Rhode Island",2018,1036000,92000,8.9
"1750","Rhode Island",2019,1047000,96000,9.2
"1751","Rhode Island",2020,1086000,93000,8.5
"1752","Rhode Island",2021,1087000,102000,9.4
"1753","Rhode Island",2022,1069000,90000,8.4
"1754","Rhode Island",2023,1065000,95000,8.9
"1755","Rhode Island",2024,1116000,117000,10.5
"1756","South Carolina",1980,3174000,534000,16.8
"1757","South Carolina",1981,3347000,615000,18.4
"1758","South Carolina",1982,3301000,701000,21.2
"1759","South Carolina",1983,3295000,687000,20.8
"1760","South Carolina",1984,3258000,561000,17.2
"1761","South Carolina",1985,3219000,489000,15.2
"1762","South Carolina",1986,3288000,569000,17.3
"1763","South Carolina",1987,3274000,512000,15.6
"1764","South Carolina",1988,3405000,528000,15.5
"1765","South Carolina",1989,3446000,585000,17
"1766","South Carolina",1990,3391000,548000,16.2
"1767","South Carolina",1991,3538000,582000,16.4
"1768","South Carolina",1992,3675000,697000,19
"1769","South Carolina",1993,3630000,678000,18.7
"1770","South Carolina",1994,3633000,501000,13.8
"1771","South Carolina",1995,3741000,744000,19.9
"1772","South Carolina",1996,3698000,482000,13
"1773","South Carolina",1997,3813000,5e+05,13.1
"1774","South Carolina",1998,3851000,527000,13.7
"1775","South Carolina",1999,3800000,445000,11.7
"1776","South Carolina",2000,3964000,441000,11.1
"1777","South Carolina",2001,3995000,603000,15.1
"1778","South Carolina",2002,3989000,568000,14.3
"1779","South Carolina",2003,4060000,516000,12.7
"1780","South Carolina",2004,4120000,615000,14.9
"1781","South Carolina",2005,4164000,626000,15
"1782","South Carolina",2006,4224000,474000,11.2
"1783","South Carolina",2007,4380000,617000,14.1
"1784","South Carolina",2008,4462000,624000,14
"1785","South Carolina",2009,4501000,618000,13.7
"1786","South Carolina",2010,4563000,773000,16.9
"1787","South Carolina",2011,4605000,874000,19
"1788","South Carolina",2012,4667000,779000,16.7
"1789","South Carolina",2013,4677500,824500,17.6
"1790","South Carolina",2014,4764000,788000,16.5
"1791","South Carolina",2015,4790000,683000,14.3
"1792","South Carolina",2016,4898000,690000,14.1
"1793","South Carolina",2017,4957000,764500,15.4
"1794","South Carolina",2018,5036000,642000,12.8
"1795","South Carolina",2019,5144000,775000,15.1
"1796","South Carolina",2020,5110000,684000,13.4
"1797","South Carolina",2021,5214000,713000,13.7
"1798","South Carolina",2022,5262000,677000,12.9
"1799","South Carolina",2023,5361000,629000,11.7
"1800","South Carolina",2024,5492000,612000,11.1
"1801","South Dakota",1980,677000,127000,18.8
"1802","South Dakota",1981,675000,132000,19.5
"1803","South Dakota",1982,677000,114000,16.8
"1804","South Dakota",1983,689000,127000,18.4
"1805","South Dakota",1984,691000,1e+05,14.5
"1806","South Dakota",1985,689000,119000,17.3
"1807","South Dakota",1986,697000,118000,17
"1808","South Dakota",1987,714000,109000,15.2
"1809","South Dakota",1988,707000,101000,14.2
"1810","South Dakota",1989,696000,92000,13.2
"1811","South Dakota",1990,696000,93000,13.3
"1812","South Dakota",1991,689000,96000,14
"1813","South Dakota",1992,705000,106000,15.1
"1814","South Dakota",1993,717000,102000,14.2
"1815","South Dakota",1994,737000,107000,14.5
"1816","South Dakota",1995,713000,103000,14.5
"1817","South Dakota",1996,701000,82000,11.8
"1818","South Dakota",1997,708000,117000,16.5
"1819","South Dakota",1998,710000,77000,10.8
"1820","South Dakota",1999,709000,55000,7.7
"1821","South Dakota",2000,737000,79000,10.7
"1822","South Dakota",2001,737000,62000,8.4
"1823","South Dakota",2002,743000,85000,11.5
"1824","South Dakota",2003,749000,95000,12.7
"1825","South Dakota",2004,751000,102000,13.5
"1826","South Dakota",2005,765000,90000,11.8
"1827","South Dakota",2006,770000,82000,10.7
"1828","South Dakota",2007,787000,74000,9.4
"1829","South Dakota",2008,794000,104000,13.1
"1830","South Dakota",2009,799000,113000,14.1
"1831","South Dakota",2010,799000,109000,13.6
"1832","South Dakota",2011,808000,117000,14.5
"1833","South Dakota",2012,822000,106000,12.8
"1834","South Dakota",2013,830000,97500,11.8
"1835","South Dakota",2014,846000,109000,12.8
"1836","South Dakota",2015,848000,118000,13.9
"1837","South Dakota",2016,855000,124000,14.5
"1838","South Dakota",2017,870500,92000,10.55
"1839","South Dakota",2018,853000,90000,10.6
"1840","South Dakota",2019,860000,91000,10.6
"1841","South Dakota",2020,878000,102000,11.6
"1842","South Dakota",2021,884000,74000,8.4
"1843","South Dakota",2022,886000,80000,9.1
"1844","South Dakota",2023,890000,67000,7.5
"1845","South Dakota",2024,909000,83000,9.1
"1846","Tennessee",1980,4519000,884000,19.6
"1847","Tennessee",1981,4502000,943000,20.9
"1848","Tennessee",1982,4679000,1106000,23.6
"1849","Tennessee",1983,4663000,933000,20
"1850","Tennessee",1984,4603000,8e+05,17.4
"1851","Tennessee",1985,4619000,837000,18.1
"1852","Tennessee",1986,4650000,853000,18.3
"1853","Tennessee",1987,4679000,792000,16.9
"1854","Tennessee",1988,4901000,883000,18
"1855","Tennessee",1989,4833000,891000,18.4
"1856","Tennessee",1990,4927000,833000,16.9
"1857","Tennessee",1991,4787000,744000,15.5
"1858","Tennessee",1992,5036000,858000,17
"1859","Tennessee",1993,5092000,998000,19.6
"1860","Tennessee",1994,5338000,779000,14.6
"1861","Tennessee",1995,5462000,846000,15.5
"1862","Tennessee",1996,5528000,878000,15.9
"1863","Tennessee",1997,5536000,791000,14.3
"1864","Tennessee",1998,5569000,749000,13.4
"1865","Tennessee",1999,5583000,662000,11.9
"1866","Tennessee",2000,5630000,759000,13.5
"1867","Tennessee",2001,5670000,802000,14.1
"1868","Tennessee",2002,5655000,839000,14.8
"1869","Tennessee",2003,5901000,829000,14
"1870","Tennessee",2004,5846000,932000,15.9
"1871","Tennessee",2005,5853000,872000,14.9
"1872","Tennessee",2006,5916000,879000,14.9
"1873","Tennessee",2007,6137000,906000,14.8
"1874","Tennessee",2008,6163000,924000,15
"1875","Tennessee",2009,6240000,1031000,16.5
"1876","Tennessee",2010,6315000,1052000,16.7
"1877","Tennessee",2011,6324000,1030000,16.3
"1878","Tennessee",2012,6422000,1194000,18.6
"1879","Tennessee",2013,6362500,1071000,16.8
"1880","Tennessee",2014,6496000,1122000,17.3
"1881","Tennessee",2015,6605000,973000,14.7
"1882","Tennessee",2016,6652000,988000,14.9
"1883","Tennessee",2017,6699000,764000,11.4
"1884","Tennessee",2018,6665000,8e+05,12
"1885","Tennessee",2019,6721000,879000,13.1
"1886","Tennessee",2020,6934000,912000,13.1
"1887","Tennessee",2021,6958000,740000,10.6
"1888","Tennessee",2022,7010000,736000,10.5
"1889","Tennessee",2023,7093000,757000,10.7
"1890","Tennessee",2024,7108000,651000,9.2
"1891","Texas",1980,14330000,2247000,15.7
"1892","Texas",1981,14640000,2258000,15.4
"1893","Texas",1982,15150000,2450000,16.2
"1894","Texas",1983,15590000,2499000,16
"1895","Texas",1984,15640000,2448000,15.7
"1896","Texas",1985,16230000,2582000,15.9
"1897","Texas",1986,16370000,2825000,17.3
"1898","Texas",1987,16610000,2917000,17.6
"1899","Texas",1988,16690000,3006000,18
"1900","Texas",1989,16890000,2880000,17.1
"1901","Texas",1990,16870000,2684000,15.9
"1902","Texas",1991,16960000,2965000,17.5
"1903","Texas",1992,17920000,3282000,18.3
"1904","Texas",1993,18270000,3177000,17.4
"1905","Texas",1994,18890000,3603000,19.1
"1906","Texas",1995,18760000,3270000,17.4
"1907","Texas",1996,19180000,3180000,16.6
"1908","Texas",1997,19690000,3297000,16.7
"1909","Texas",1998,19890000,2994000,15.1
"1910","Texas",1999,20170000,3072000,15.2
"1911","Texas",2000,20700000,3204000,15.5
"1912","Texas",2001,21030000,3129000,14.9
"1913","Texas",2002,21480000,3362000,15.6
"1914","Texas",2003,21830000,3705000,17
"1915","Texas",2004,22290000,3669000,16.5
"1916","Texas",2005,22780000,3681000,16.2
"1917","Texas",2006,23210000,3816000,16.4
"1918","Texas",2007,23650000,3903000,16.5
"1919","Texas",2008,24170000,3834000,15.9
"1920","Texas",2009,24630000,4262000,17.3
"1921","Texas",2010,25200000,4633000,18.4
"1922","Texas",2011,25550000,4458000,17.4
"1923","Texas",2012,26060000,4444000,17
"1924","Texas",2013,26290000,4423500,16.85
"1925","Texas",2014,26680000,4364000,16.4
"1926","Texas",2015,27400000,4036000,14.7
"1927","Texas",2016,27660000,3812000,13.8
"1928","Texas",2017,28085000,3741500,13.3
"1929","Texas",2018,28500000,3894000,13.7
"1930","Texas",2019,28670000,3174000,11.1
"1931","Texas",2020,28920000,4057000,14
"1932","Texas",2021,29390000,3977000,13.5
"1933","Texas",2022,29920000,4031000,13.5
"1934","Texas",2023,30260000,3709000,12.3
"1935","Texas",2024,31020000,3435000,11.1
"1936","Utah",1980,1488000,148000,10
"1937","Utah",1981,1516000,185000,12.2
"1938","Utah",1982,1575000,229000,14.5
"1939","Utah",1983,1591000,214000,13.5
"1940","Utah",1984,1647000,183000,11.1
"1941","Utah",1985,1652000,180000,10.9
"1942","Utah",1986,1659000,209000,12.6
"1943","Utah",1987,1689000,173000,10.2
"1944","Utah",1988,1662000,162000,9.8
"1945","Utah",1989,1683000,138000,8.2
"1946","Utah",1990,1739000,143000,8.2
"1947","Utah",1991,1717000,222000,12.9
"1948","Utah",1992,1830000,172000,9.4
"1949","Utah",1993,1906000,203000,10.7
"1950","Utah",1994,1926000,154000,8
"1951","Utah",1995,1999000,168000,8.4
"1952","Utah",1996,1998000,153000,7.7
"1953","Utah",1997,2085000,185000,8.9
"1954","Utah",1998,2106000,190000,9
"1955","Utah",1999,2194000,126000,5.7
"1956","Utah",2000,2239000,170000,7.6
"1957","Utah",2001,2257000,238000,10.5
"1958","Utah",2002,2308000,228000,9.9
"1959","Utah",2003,2346000,213000,9.1
"1960","Utah",2004,2390000,241000,10.1
"1961","Utah",2005,2521000,232000,9.2
"1962","Utah",2006,2536000,235000,9.3
"1963","Utah",2007,2651000,255000,9.6
"1964","Utah",2008,2754000,209000,7.6
"1965","Utah",2009,2794000,270000,9.7
"1966","Utah",2010,2768000,278000,10
"1967","Utah",2011,2812000,309000,11
"1968","Utah",2012,2849000,312000,11
"1969","Utah",2013,2900000,298000,10.25
"1970","Utah",2014,2928000,298000,10.2
"1971","Utah",2015,3004000,279000,9.3
"1972","Utah",2016,3077000,264000,8.6
"1973","Utah",2017,3128500,270500,8.65
"1974","Utah",2018,3173000,219000,6.9
"1975","Utah",2019,3232000,236000,7.3
"1976","Utah",2020,3272000,242000,7.4
"1977","Utah",2021,3333000,264000,7.9
"1978","Utah",2022,3338000,2e+05,6
"1979","Utah",2023,3404000,214000,6.3
"1980","Utah",2024,3501000,263000,7.5
"1981","Vermont",1980,520000,62000,12
"1982","Vermont",1981,535000,66000,12.3
"1983","Vermont",1982,519000,67000,12.9
"1984","Vermont",1983,531000,83000,15.6
"1985","Vermont",1984,514000,65000,12.6
"1986","Vermont",1985,524000,48000,9.2
"1987","Vermont",1986,529000,58000,11
"1988","Vermont",1987,534000,50000,9.3
"1989","Vermont",1988,532000,43000,8.1
"1990","Vermont",1989,556000,44000,8
"1991","Vermont",1990,564000,61000,10.9
"1992","Vermont",1991,579000,73000,12.6
"1993","Vermont",1992,582000,61000,10.5
"1994","Vermont",1993,588000,59000,10
"1995","Vermont",1994,589000,45000,7.6
"1996","Vermont",1995,593000,61000,10.3
"1997","Vermont",1996,586000,74000,12.6
"1998","Vermont",1997,580000,54000,9.3
"1999","Vermont",1998,592000,58000,9.9
"2000","Vermont",1999,599000,58000,9.6
"2001","Vermont",2000,599000,60000,10
"2002","Vermont",2001,605000,59000,9.7
"2003","Vermont",2002,616000,61000,9.9
"2004","Vermont",2003,610000,52000,8.5
"2005","Vermont",2004,616000,48000,7.8
"2006","Vermont",2005,621000,47000,7.6
"2007","Vermont",2006,618000,48000,7.8
"2008","Vermont",2007,613000,61000,9.9
"2009","Vermont",2008,610000,55000,9
"2010","Vermont",2009,617000,58000,9.4
"2011","Vermont",2010,624000,67000,10.8
"2012","Vermont",2011,615000,71000,11.6
"2013","Vermont",2012,615000,69000,11.2
"2014","Vermont",2013,624000,48500,7.75
"2015","Vermont",2014,615000,57000,9.3
"2016","Vermont",2015,609000,65000,10.7
"2017","Vermont",2016,622000,60000,9.6
"2018","Vermont",2017,613000,58000,9.4
"2019","Vermont",2018,616000,60000,9.7
"2020","Vermont",2019,615000,53000,8.6
"2021","Vermont",2020,639000,55000,8.6
"2022","Vermont",2021,631000,47000,7.5
"2023","Vermont",2022,641000,58000,9
"2024","Vermont",2023,635000,43000,6.7
"2025","Vermont",2024,642000,46000,7.2
"2026","Virginia",1980,5204000,647000,12.4
"2027","Virginia",1981,5257000,662000,12.6
"2028","Virginia",1982,5329000,668000,12.5
"2029","Virginia",1983,5448000,618000,11.3
"2030","Virginia",1984,5563000,554000,10
"2031","Virginia",1985,5567000,558000,10
"2032","Virginia",1986,5624000,547000,9.7
"2033","Virginia",1987,5871000,583000,9.9
"2034","Virginia",1988,5970000,647000,10.8
"2035","Virginia",1989,6159000,671000,10.9
"2036","Virginia",1990,6322000,705000,11.1
"2037","Virginia",1991,6144000,608000,9.9
"2038","Virginia",1992,6241000,592000,9.5
"2039","Virginia",1993,6470000,627000,9.7
"2040","Virginia",1994,6616000,710000,10.7
"2041","Virginia",1995,6371000,648000,10.2
"2042","Virginia",1996,6481000,795000,12.3
"2043","Virginia",1997,6747000,858000,12.7
"2044","Virginia",1998,6679000,589000,8.8
"2045","Virginia",1999,6831000,537000,7.9
"2046","Virginia",2000,6977000,577000,8.3
"2047","Virginia",2001,7080000,564000,8
"2048","Virginia",2002,7108000,702000,9.9
"2049","Virginia",2003,7367000,740000,10
"2050","Virginia",2004,7369000,693000,9.4
"2051","Virginia",2005,7442000,684000,9.2
"2052","Virginia",2006,7532000,651000,8.6
"2053","Virginia",2007,7678000,664000,8.6
"2054","Virginia",2008,7735000,799000,10.3
"2055","Virginia",2009,7767000,831000,10.7
"2056","Virginia",2010,7837000,835000,10.7
"2057","Virginia",2011,7971000,907000,11.4
"2058","Virginia",2012,7994000,850000,10.6
"2059","Virginia",2013,8202000,829500,10.1
"2060","Virginia",2014,8257000,842000,10.2
"2061","Virginia",2015,8216000,894000,10.9
"2062","Virginia",2016,8163000,929000,11.4
"2063","Virginia",2017,8245500,854500,10.4
"2064","Virginia",2018,8393000,821000,9.8
"2065","Virginia",2019,8335000,737000,8.8
"2066","Virginia",2020,8501000,663000,7.8
"2067","Virginia",2021,8489000,831000,9.8
"2068","Virginia",2022,8489000,704000,8.3
"2069","Virginia",2023,8649000,815000,9.4
"2070","Virginia",2024,8685000,704000,8.1
"2071","Washington",1980,4223000,538000,12.7
"2072","Washington",1981,4168000,471000,11.3
"2073","Washington",1982,4259000,549000,12.9
"2074","Washington",1983,4274000,460000,10.8
"2075","Washington",1984,4242000,479000,11.3
"2076","Washington",1985,4371000,526000,12
"2077","Washington",1986,4369000,563000,12.9
"2078","Washington",1987,4489000,450000,10
"2079","Washington",1988,4625000,402000,8.7
"2080","Washington",1989,4729000,455000,9.6
"2081","Washington",1990,4880000,434000,8.9
"2082","Washington",1991,4989000,474000,9.5
"2083","Washington",1992,5138000,574000,11.2
"2084","Washington",1993,5224000,634000,12.1
"2085","Washington",1994,5259000,614000,11.7
"2086","Washington",1995,5424000,677000,12.5
"2087","Washington",1996,5620000,666000,11.9
"2088","Washington",1997,5735000,529000,9.2
"2089","Washington",1998,5729000,512000,8.9
"2090","Washington",1999,5698000,545000,9.6
"2091","Washington",2000,5863000,634000,10.8
"2092","Washington",2001,5920000,634000,10.7
"2093","Washington",2002,5988000,657000,11
"2094","Washington",2003,6078000,766000,12.6
"2095","Washington",2004,6116000,7e+05,11.4
"2096","Washington",2005,6237000,636000,10.2
"2097","Washington",2006,6310000,502000,8
"2098","Washington",2007,6503000,661000,10.2
"2099","Washington",2008,6526000,680000,10.4
"2100","Washington",2009,6697000,781000,11.7
"2101","Washington",2010,6713000,779000,11.6
"2102","Washington",2011,6812000,854000,12.5
"2103","Washington",2012,6856000,796000,11.6
"2104","Washington",2013,6865500,827500,12.1
"2105","Washington",2014,7079000,852000,12
"2106","Washington",2015,7193000,819000,11.4
"2107","Washington",2016,7289000,8e+05,11
"2108","Washington",2017,7428000,773000,10.4
"2109","Washington",2018,7555000,647000,8.6
"2110","Washington",2019,7549000,527000,7
"2111","Washington",2020,7585000,625000,8.2
"2112","Washington",2021,7670000,587000,7.7
"2113","Washington",2022,7705000,696000,9
"2114","Washington",2023,7888000,689000,8.7
"2115","Washington",2024,7985000,784000,9.8
"2116","West Virginia",1980,1952000,297000,15.2
"2117","West Virginia",1981,2003000,398000,19.9
"2118","West Virginia",1982,1951000,484000,24.8
"2119","West Virginia",1983,1898000,419000,22.1
"2120","West Virginia",1984,1922000,392000,20.4
"2121","West Virginia",1985,1894000,423000,22.3
"2122","West Virginia",1986,1927000,432000,22.4
"2123","West Virginia",1987,1889000,408000,21.6
"2124","West Virginia",1988,1880000,337000,17.9
"2125","West Virginia",1989,1799000,283000,15.7
"2126","West Virginia",1990,1810000,328000,18.1
"2127","West Virginia",1991,1830000,327000,17.9
"2128","West Virginia",1992,1795000,401000,22.3
"2129","West Virginia",1993,1803000,4e+05,22.2
"2130","West Virginia",1994,1804000,336000,18.6
"2131","West Virginia",1995,1793000,3e+05,16.7
"2132","West Virginia",1996,1745000,323000,18.5
"2133","West Virginia",1997,1742000,286000,16.4
"2134","West Virginia",1998,1748000,312000,17.8
"2135","West Virginia",1999,1734000,272000,15.7
"2136","West Virginia",2000,1773000,261000,14.7
"2137","West Virginia",2001,1769000,291000,16.4
"2138","West Virginia",2002,1747000,293000,16.8
"2139","West Virginia",2003,1785000,310000,17.4
"2140","West Virginia",2004,1791000,254000,14.2
"2141","West Virginia",2005,1795000,276000,15.4
"2142","West Virginia",2006,1810000,277000,15.3
"2143","West Virginia",2007,1793000,265000,14.8
"2144","West Virginia",2008,1796000,260000,14.5
"2145","West Virginia",2009,1801000,285000,15.8
"2146","West Virginia",2010,1816000,306000,16.8
"2147","West Virginia",2011,1820000,318000,17.5
"2148","West Virginia",2012,1803000,301000,16.7
"2149","West Virginia",2013,1814000,336500,18.55
"2150","West Virginia",2014,1822000,376000,20.6
"2151","West Virginia",2015,1795000,261000,14.5
"2152","West Virginia",2016,1808000,326000,18
"2153","West Virginia",2017,1793500,308500,17.2
"2154","West Virginia",2018,1762000,279000,15.9
"2155","West Virginia",2019,1745000,242000,13.9
"2156","West Virginia",2020,1760000,249000,14.2
"2157","West Virginia",2021,1754000,296000,16.9
"2158","West Virginia",2022,1746000,270000,15.5
"2159","West Virginia",2023,1744000,232000,13.3
"2160","West Virginia",2024,1718000,225000,13.1
"2161","Wisconsin",1980,4724000,403000,8.5
"2162","Wisconsin",1981,4741000,384000,8.1
"2163","Wisconsin",1982,4733000,452000,9.5
"2164","Wisconsin",1983,4736000,504000,10.7
"2165","Wisconsin",1984,4698000,730000,15.5
"2166","Wisconsin",1985,4693000,544000,11.6
"2167","Wisconsin",1986,4697000,501000,10.7
"2168","Wisconsin",1987,4738000,428000,9
"2169","Wisconsin",1988,4696000,364000,7.8
"2170","Wisconsin",1989,4694000,393000,8.4
"2171","Wisconsin",1990,4815000,448000,9.3
"2172","Wisconsin",1991,4952000,492000,9.9
"2173","Wisconsin",1992,5118000,560000,10.9
"2174","Wisconsin",1993,5033000,636000,12.6
"2175","Wisconsin",1994,5003000,453000,9
"2176","Wisconsin",1995,5300000,449000,8.5
"2177","Wisconsin",1996,5205000,460000,8.8
"2178","Wisconsin",1997,5120000,422000,8.2
"2179","Wisconsin",1998,5127000,449000,8.8
"2180","Wisconsin",1999,5429000,466000,8.6
"2181","Wisconsin",2000,5308000,493000,9.3
"2182","Wisconsin",2001,5323000,423000,7.9
"2183","Wisconsin",2002,5463000,467000,8.6
"2184","Wisconsin",2003,5412000,528000,9.8
"2185","Wisconsin",2004,5456000,676000,12.4
"2186","Wisconsin",2005,5440000,553000,10.2
"2187","Wisconsin",2006,5471000,555000,10.1
"2188","Wisconsin",2007,5458000,601000,11
"2189","Wisconsin",2008,5548000,544000,9.8
"2190","Wisconsin",2009,5545000,599000,10.8
"2191","Wisconsin",2010,5626000,567000,10.1
"2192","Wisconsin",2011,5676000,743000,13.1
"2193","Wisconsin",2012,5628000,640000,11.4
"2194","Wisconsin",2013,5620000,687000,12.25
"2195","Wisconsin",2014,5742000,628000,10.9
"2196","Wisconsin",2015,5736000,654000,11.4
"2197","Wisconsin",2016,5764000,620000,10.7
"2198","Wisconsin",2017,5808500,544000,9.35
"2199","Wisconsin",2018,5795000,499000,8.6
"2200","Wisconsin",2019,5730000,479000,8.4
"2201","Wisconsin",2020,5836000,466000,8
"2202","Wisconsin",2021,5910000,551000,9.3
"2203","Wisconsin",2022,5807000,386000,6.6
"2204","Wisconsin",2023,5750000,535000,9.3
"2205","Wisconsin",2024,5840000,522000,8.9
"2206","Wyoming",1980,468000,49000,10.4
"2207","Wyoming",1981,482000,43000,8.9
"2208","Wyoming",1982,481000,58000,12
"2209","Wyoming",1983,486000,61000,12.6
"2210","Wyoming",1984,488000,53000,10.9
"2211","Wyoming",1985,506000,61000,12
"2212","Wyoming",1986,496000,73000,14.6
"2213","Wyoming",1987,451000,49000,10.8
"2214","Wyoming",1988,454000,43000,9.6
"2215","Wyoming",1989,462000,50000,10.9
"2216","Wyoming",1990,463000,51000,11
"2217","Wyoming",1991,470000,47000,9.9
"2218","Wyoming",1992,475000,49000,10.3
"2219","Wyoming",1993,481000,64000,13.3
"2220","Wyoming",1994,485000,45000,9.3
"2221","Wyoming",1995,482000,59000,12.2
"2222","Wyoming",1996,486000,58000,11.9
"2223","Wyoming",1997,490000,66000,13.5
"2224","Wyoming",1998,484000,51000,10.6
"2225","Wyoming",1999,484000,56000,11.6
"2226","Wyoming",2000,485000,52000,10.8
"2227","Wyoming",2001,487000,42000,8.7
"2228","Wyoming",2002,488000,44000,9
"2229","Wyoming",2003,487000,48000,9.8
"2230","Wyoming",2004,496000,50000,10
"2231","Wyoming",2005,509000,54000,10.6
"2232","Wyoming",2006,516000,51000,10
"2233","Wyoming",2007,518000,56000,10.9
"2234","Wyoming",2008,529000,54000,10.1
"2235","Wyoming",2009,540000,50000,9.2
"2236","Wyoming",2010,550000,53000,9.6
"2237","Wyoming",2011,562000,60000,10.7
"2238","Wyoming",2012,577000,56000,9.6
"2239","Wyoming",2013,585000,68000,11.6
"2240","Wyoming",2014,572000,55000,9.7
"2241","Wyoming",2015,574000,56000,9.8
"2242","Wyoming",2016,571000,62000,10.9
"2243","Wyoming",2017,560000,71500,12.7
"2244","Wyoming",2018,565000,53000,9.5
"2245","Wyoming",2019,565000,52000,9.2
"2246","Wyoming",2020,561000,55000,9.7
"2247","Wyoming",2021,568000,53000,9.4
"2248","Wyoming",2022,562000,40000,7.1
"2249","Wyoming",2023,571000,54000,9.4
"2250","Wyoming",2024,575000,44000,7.7
